Name,Father Name,Mother Name,Father Profession,Mother Profession,Email,Phone,Address,,
Father 983,Father 983,Mother 983,Business,House wife,father983@example.com,01711638283,Dhaka,,
Father 984,Father 984,Mother 984,Business,House wife,father984@example.com,01711638284,Pabna,,
Father 985,Father 985,Mother 985,Business,House wife,father985@example.com,01711638285,Khulna,,
Father 986,Father 986,Mother 986,Business,House wife,father986@example.com,01711638286,Sylhet,,1965
Father 987,Father 987,Mother 987,Business,House wife,father987@example.com,01711638287,Dhaka,,982
Father 988,Father 988,Mother 988,Business,House wife,father988@example.com,01711638288,Pabna,,983
Father 989,Father 989,Mother 989,Business,House wife,father989@example.com,01711638289,Khulna,,
Father 990,Father 990,Mother 990,Business,House wife,father990@example.com,01711638290,Sylhet,,
Father 991,Father 991,Mother 991,Business,House wife,father991@example.com,01711638291,Dhaka,,
Father 992,Father 992,Mother 992,Business,House wife,father992@example.com,01711638292,Pabna,,
Father 993,Father 993,Mother 993,Business,House wife,father993@example.com,01711638293,Khulna,,
Father 994,Father 994,Mother 994,Business,House wife,father994@example.com,01711638294,Sylhet,,
Father 995,Father 995,Mother 995,Business,House wife,father995@example.com,01711638295,Dhaka,,
Father 996,Father 996,Mother 996,Business,House wife,father996@example.com,01711638296,Pabna,,
Father 997,Father 997,Mother 997,Business,House wife,father997@example.com,01711638297,Khulna,,
Father 998,Father 998,Mother 998,Business,House wife,father998@example.com,01711638298,Sylhet,,
Father 999,Father 999,Mother 999,Business,House wife,father999@example.com,01711638299,Dhaka,,
Father 1000,Father 1000,Mother 1000,Business,House wife,father1000@example.com,01711638300,Pabna,,
Father 1001,Father 1001,Mother 1001,Business,House wife,father1001@example.com,01711638301,Khulna,,
Father 1002,Father 1002,Mother 1002,Business,House wife,father1002@example.com,01711638302,Sylhet,,
Father 1003,Father 1003,Mother 1003,Business,House wife,father1003@example.com,01711638303,Dhaka,,
Father 1004,Father 1004,Mother 1004,Business,House wife,father1004@example.com,01711638304,Pabna,,
Father 1005,Father 1005,Mother 1005,Business,House wife,father1005@example.com,01711638305,Khulna,,
Father 1006,Father 1006,Mother 1006,Business,House wife,father1006@example.com,01711638306,Sylhet,,
Father 1007,Father 1007,Mother 1007,Business,House wife,father1007@example.com,01711638307,Dhaka,,
Father 1008,Father 1008,Mother 1008,Business,House wife,father1008@example.com,01711638308,Pabna,,
Father 1009,Father 1009,Mother 1009,Business,House wife,father1009@example.com,01711638309,Khulna,,
Father 1010,Father 1010,Mother 1010,Business,House wife,father1010@example.com,01711638310,Sylhet,,
Father 1011,Father 1011,Mother 1011,Business,House wife,father1011@example.com,01711638311,Dhaka,,
Father 1012,Father 1012,Mother 1012,Business,House wife,father1012@example.com,01711638312,Pabna,,
Father 1013,Father 1013,Mother 1013,Business,House wife,father1013@example.com,01711638313,Khulna,,
Father 1014,Father 1014,Mother 1014,Business,House wife,father1014@example.com,01711638314,Sylhet,,
Father 1015,Father 1015,Mother 1015,Business,House wife,father1015@example.com,01711638315,Dhaka,,
Father 1016,Father 1016,Mother 1016,Business,House wife,father1016@example.com,01711638316,Pabna,,
Father 1017,Father 1017,Mother 1017,Business,House wife,father1017@example.com,01711638317,Khulna,,
Father 1018,Father 1018,Mother 1018,Business,House wife,father1018@example.com,01711638318,Sylhet,,
Father 1019,Father 1019,Mother 1019,Business,House wife,father1019@example.com,01711638319,Dhaka,,
Father 1020,Father 1020,Mother 1020,Business,House wife,father1020@example.com,01711638320,Pabna,,
Father 1021,Father 1021,Mother 1021,Business,House wife,father1021@example.com,01711638321,Khulna,,
Father 1022,Father 1022,Mother 1022,Business,House wife,father1022@example.com,01711638322,Sylhet,,
Father 1023,Father 1023,Mother 1023,Business,House wife,father1023@example.com,01711638323,Dhaka,,
Father 1024,Father 1024,Mother 1024,Business,House wife,father1024@example.com,01711638324,Pabna,,
Father 1025,Father 1025,Mother 1025,Business,House wife,father1025@example.com,01711638325,Khulna,,
Father 1026,Father 1026,Mother 1026,Business,House wife,father1026@example.com,01711638326,Sylhet,,
Father 1027,Father 1027,Mother 1027,Business,House wife,father1027@example.com,01711638327,Dhaka,,
Father 1028,Father 1028,Mother 1028,Business,House wife,father1028@example.com,01711638328,Pabna,,
Father 1029,Father 1029,Mother 1029,Business,House wife,father1029@example.com,01711638329,Khulna,,
Father 1030,Father 1030,Mother 1030,Business,House wife,father1030@example.com,01711638330,Sylhet,,
Father 1031,Father 1031,Mother 1031,Business,House wife,father1031@example.com,01711638331,Dhaka,,
Father 1032,Father 1032,Mother 1032,Business,House wife,father1032@example.com,01711638332,Pabna,,
Father 1033,Father 1033,Mother 1033,Business,House wife,father1033@example.com,01711638333,Khulna,,
Father 1034,Father 1034,Mother 1034,Business,House wife,father1034@example.com,01711638334,Sylhet,,
Father 1035,Father 1035,Mother 1035,Business,House wife,father1035@example.com,01711638335,Dhaka,,
Father 1036,Father 1036,Mother 1036,Business,House wife,father1036@example.com,01711638336,Pabna,,
Father 1037,Father 1037,Mother 1037,Business,House wife,father1037@example.com,01711638337,Khulna,,
Father 1038,Father 1038,Mother 1038,Business,House wife,father1038@example.com,01711638338,Sylhet,,
Father 1039,Father 1039,Mother 1039,Business,House wife,father1039@example.com,01711638339,Dhaka,,
Father 1040,Father 1040,Mother 1040,Business,House wife,father1040@example.com,01711638340,Pabna,,
Father 1041,Father 1041,Mother 1041,Business,House wife,father1041@example.com,01711638341,Khulna,,
Father 1042,Father 1042,Mother 1042,Business,House wife,father1042@example.com,01711638342,Sylhet,,
Father 1043,Father 1043,Mother 1043,Business,House wife,father1043@example.com,01711638343,Dhaka,,
Father 1044,Father 1044,Mother 1044,Business,House wife,father1044@example.com,01711638344,Pabna,,
Father 1045,Father 1045,Mother 1045,Business,House wife,father1045@example.com,01711638345,Khulna,,
Father 1046,Father 1046,Mother 1046,Business,House wife,father1046@example.com,01711638346,Sylhet,,
Father 1047,Father 1047,Mother 1047,Business,House wife,father1047@example.com,01711638347,Dhaka,,
Father 1048,Father 1048,Mother 1048,Business,House wife,father1048@example.com,01711638348,Pabna,,
Father 1049,Father 1049,Mother 1049,Business,House wife,father1049@example.com,01711638349,Khulna,,
Father 1050,Father 1050,Mother 1050,Business,House wife,father1050@example.com,01711638350,Sylhet,,
Father 1051,Father 1051,Mother 1051,Business,House wife,father1051@example.com,01711638351,Dhaka,,
Father 1052,Father 1052,Mother 1052,Business,House wife,father1052@example.com,01711638352,Pabna,,
Father 1053,Father 1053,Mother 1053,Business,House wife,father1053@example.com,01711638353,Khulna,,
Father 1054,Father 1054,Mother 1054,Business,House wife,father1054@example.com,01711638354,Sylhet,,
Father 1055,Father 1055,Mother 1055,Business,House wife,father1055@example.com,01711638355,Dhaka,,
Father 1056,Father 1056,Mother 1056,Business,House wife,father1056@example.com,01711638356,Pabna,,
Father 1057,Father 1057,Mother 1057,Business,House wife,father1057@example.com,01711638357,Khulna,,
Father 1058,Father 1058,Mother 1058,Business,House wife,father1058@example.com,01711638358,Sylhet,,
Father 1059,Father 1059,Mother 1059,Business,House wife,father1059@example.com,01711638359,Dhaka,,
Father 1060,Father 1060,Mother 1060,Business,House wife,father1060@example.com,01711638360,Pabna,,
Father 1061,Father 1061,Mother 1061,Business,House wife,father1061@example.com,01711638361,Khulna,,
Father 1062,Father 1062,Mother 1062,Business,House wife,father1062@example.com,01711638362,Sylhet,,
Father 1063,Father 1063,Mother 1063,Business,House wife,father1063@example.com,01711638363,Dhaka,,
Father 1064,Father 1064,Mother 1064,Business,House wife,father1064@example.com,01711638364,Pabna,,
Father 1065,Father 1065,Mother 1065,Business,House wife,father1065@example.com,01711638365,Khulna,,
Father 1066,Father 1066,Mother 1066,Business,House wife,father1066@example.com,01711638366,Sylhet,,
Father 1067,Father 1067,Mother 1067,Business,House wife,father1067@example.com,01711638367,Dhaka,,
Father 1068,Father 1068,Mother 1068,Business,House wife,father1068@example.com,01711638368,Pabna,,
Father 1069,Father 1069,Mother 1069,Business,House wife,father1069@example.com,01711638369,Khulna,,
Father 1070,Father 1070,Mother 1070,Business,House wife,father1070@example.com,01711638370,Sylhet,,
Father 1071,Father 1071,Mother 1071,Business,House wife,father1071@example.com,01711638371,Dhaka,,
Father 1072,Father 1072,Mother 1072,Business,House wife,father1072@example.com,01711638372,Pabna,,
Father 1073,Father 1073,Mother 1073,Business,House wife,father1073@example.com,01711638373,Khulna,,
Father 1074,Father 1074,Mother 1074,Business,House wife,father1074@example.com,01711638374,Sylhet,,
Father 1075,Father 1075,Mother 1075,Business,House wife,father1075@example.com,01711638375,Dhaka,,
Father 1076,Father 1076,Mother 1076,Business,House wife,father1076@example.com,01711638376,Pabna,,
Father 1077,Father 1077,Mother 1077,Business,House wife,father1077@example.com,01711638377,Khulna,,
Father 1078,Father 1078,Mother 1078,Business,House wife,father1078@example.com,01711638378,Sylhet,,
Father 1079,Father 1079,Mother 1079,Business,House wife,father1079@example.com,01711638379,Dhaka,,
Father 1080,Father 1080,Mother 1080,Business,House wife,father1080@example.com,01711638380,Pabna,,
Father 1081,Father 1081,Mother 1081,Business,House wife,father1081@example.com,01711638381,Khulna,,
Father 1082,Father 1082,Mother 1082,Business,House wife,father1082@example.com,01711638382,Sylhet,,
Father 1083,Father 1083,Mother 1083,Business,House wife,father1083@example.com,01711638383,Dhaka,,
Father 1084,Father 1084,Mother 1084,Business,House wife,father1084@example.com,01711638384,Pabna,,
Father 1085,Father 1085,Mother 1085,Business,House wife,father1085@example.com,01711638385,Khulna,,
Father 1086,Father 1086,Mother 1086,Business,House wife,father1086@example.com,01711638386,Sylhet,,
Father 1087,Father 1087,Mother 1087,Business,House wife,father1087@example.com,01711638387,Dhaka,,
Father 1088,Father 1088,Mother 1088,Business,House wife,father1088@example.com,01711638388,Pabna,,
Father 1089,Father 1089,Mother 1089,Business,House wife,father1089@example.com,01711638389,Khulna,,
Father 1090,Father 1090,Mother 1090,Business,House wife,father1090@example.com,01711638390,Sylhet,,
Father 1091,Father 1091,Mother 1091,Business,House wife,father1091@example.com,01711638391,Dhaka,,
Father 1092,Father 1092,Mother 1092,Business,House wife,father1092@example.com,01711638392,Pabna,,
Father 1093,Father 1093,Mother 1093,Business,House wife,father1093@example.com,01711638393,Khulna,,
Father 1094,Father 1094,Mother 1094,Business,House wife,father1094@example.com,01711638394,Sylhet,,
Father 1095,Father 1095,Mother 1095,Business,House wife,father1095@example.com,01711638395,Dhaka,,
Father 1096,Father 1096,Mother 1096,Business,House wife,father1096@example.com,01711638396,Pabna,,
Father 1097,Father 1097,Mother 1097,Business,House wife,father1097@example.com,01711638397,Khulna,,
Father 1098,Father 1098,Mother 1098,Business,House wife,father1098@example.com,01711638398,Sylhet,,
Father 1099,Father 1099,Mother 1099,Business,House wife,father1099@example.com,01711638399,Dhaka,,
Father 1100,Father 1100,Mother 1100,Business,House wife,father1100@example.com,01711638400,Pabna,,
Father 1101,Father 1101,Mother 1101,Business,House wife,father1101@example.com,01711638401,Khulna,,
Father 1102,Father 1102,Mother 1102,Business,House wife,father1102@example.com,01711638402,Sylhet,,
Father 1103,Father 1103,Mother 1103,Business,House wife,father1103@example.com,01711638403,Dhaka,,
Father 1104,Father 1104,Mother 1104,Business,House wife,father1104@example.com,01711638404,Pabna,,
Father 1105,Father 1105,Mother 1105,Business,House wife,father1105@example.com,01711638405,Khulna,,
Father 1106,Father 1106,Mother 1106,Business,House wife,father1106@example.com,01711638406,Sylhet,,
Father 1107,Father 1107,Mother 1107,Business,House wife,father1107@example.com,01711638407,Dhaka,,
Father 1108,Father 1108,Mother 1108,Business,House wife,father1108@example.com,01711638408,Pabna,,
Father 1109,Father 1109,Mother 1109,Business,House wife,father1109@example.com,01711638409,Khulna,,
Father 1110,Father 1110,Mother 1110,Business,House wife,father1110@example.com,01711638410,Sylhet,,
Father 1111,Father 1111,Mother 1111,Business,House wife,father1111@example.com,01711638411,Dhaka,,
Father 1112,Father 1112,Mother 1112,Business,House wife,father1112@example.com,01711638412,Pabna,,
Father 1113,Father 1113,Mother 1113,Business,House wife,father1113@example.com,01711638413,Khulna,,
Father 1114,Father 1114,Mother 1114,Business,House wife,father1114@example.com,01711638414,Sylhet,,
Father 1115,Father 1115,Mother 1115,Business,House wife,father1115@example.com,01711638415,Dhaka,,
Father 1116,Father 1116,Mother 1116,Business,House wife,father1116@example.com,01711638416,Pabna,,
Father 1117,Father 1117,Mother 1117,Business,House wife,father1117@example.com,01711638417,Khulna,,
Father 1118,Father 1118,Mother 1118,Business,House wife,father1118@example.com,01711638418,Sylhet,,
Father 1119,Father 1119,Mother 1119,Business,House wife,father1119@example.com,01711638419,Dhaka,,
Father 1120,Father 1120,Mother 1120,Business,House wife,father1120@example.com,01711638420,Pabna,,
Father 1121,Father 1121,Mother 1121,Business,House wife,father1121@example.com,01711638421,Khulna,,
Father 1122,Father 1122,Mother 1122,Business,House wife,father1122@example.com,01711638422,Sylhet,,
Father 1123,Father 1123,Mother 1123,Business,House wife,father1123@example.com,01711638423,Dhaka,,
Father 1124,Father 1124,Mother 1124,Business,House wife,father1124@example.com,01711638424,Pabna,,
Father 1125,Father 1125,Mother 1125,Business,House wife,father1125@example.com,01711638425,Khulna,,
Father 1126,Father 1126,Mother 1126,Business,House wife,father1126@example.com,01711638426,Sylhet,,
Father 1127,Father 1127,Mother 1127,Business,House wife,father1127@example.com,01711638427,Dhaka,,
Father 1128,Father 1128,Mother 1128,Business,House wife,father1128@example.com,01711638428,Pabna,,
Father 1129,Father 1129,Mother 1129,Business,House wife,father1129@example.com,01711638429,Khulna,,
Father 1130,Father 1130,Mother 1130,Business,House wife,father1130@example.com,01711638430,Sylhet,,
Father 1131,Father 1131,Mother 1131,Business,House wife,father1131@example.com,01711638431,Dhaka,,
Father 1132,Father 1132,Mother 1132,Business,House wife,father1132@example.com,01711638432,Pabna,,
Father 1133,Father 1133,Mother 1133,Business,House wife,father1133@example.com,01711638433,Khulna,,
Father 1134,Father 1134,Mother 1134,Business,House wife,father1134@example.com,01711638434,Sylhet,,
Father 1135,Father 1135,Mother 1135,Business,House wife,father1135@example.com,01711638435,Dhaka,,
Father 1136,Father 1136,Mother 1136,Business,House wife,father1136@example.com,01711638436,Pabna,,
Father 1137,Father 1137,Mother 1137,Business,House wife,father1137@example.com,01711638437,Khulna,,
Father 1138,Father 1138,Mother 1138,Business,House wife,father1138@example.com,01711638438,Sylhet,,
Father 1139,Father 1139,Mother 1139,Business,House wife,father1139@example.com,01711638439,Dhaka,,
Father 1140,Father 1140,Mother 1140,Business,House wife,father1140@example.com,01711638440,Pabna,,
Father 1141,Father 1141,Mother 1141,Business,House wife,father1141@example.com,01711638441,Khulna,,
Father 1142,Father 1142,Mother 1142,Business,House wife,father1142@example.com,01711638442,Sylhet,,
Father 1143,Father 1143,Mother 1143,Business,House wife,father1143@example.com,01711638443,Dhaka,,
Father 1144,Father 1144,Mother 1144,Business,House wife,father1144@example.com,01711638444,Pabna,,
Father 1145,Father 1145,Mother 1145,Business,House wife,father1145@example.com,01711638445,Khulna,,
Father 1146,Father 1146,Mother 1146,Business,House wife,father1146@example.com,01711638446,Sylhet,,
Father 1147,Father 1147,Mother 1147,Business,House wife,father1147@example.com,01711638447,Dhaka,,
Father 1148,Father 1148,Mother 1148,Business,House wife,father1148@example.com,01711638448,Pabna,,
Father 1149,Father 1149,Mother 1149,Business,House wife,father1149@example.com,01711638449,Khulna,,
Father 1150,Father 1150,Mother 1150,Business,House wife,father1150@example.com,01711638450,Sylhet,,
Father 1151,Father 1151,Mother 1151,Business,House wife,father1151@example.com,01711638451,Dhaka,,
Father 1152,Father 1152,Mother 1152,Business,House wife,father1152@example.com,01711638452,Pabna,,
Father 1153,Father 1153,Mother 1153,Business,House wife,father1153@example.com,01711638453,Khulna,,
Father 1154,Father 1154,Mother 1154,Business,House wife,father1154@example.com,01711638454,Sylhet,,
Father 1155,Father 1155,Mother 1155,Business,House wife,father1155@example.com,01711638455,Dhaka,,
Father 1156,Father 1156,Mother 1156,Business,House wife,father1156@example.com,01711638456,Pabna,,
Father 1157,Father 1157,Mother 1157,Business,House wife,father1157@example.com,01711638457,Khulna,,
Father 1158,Father 1158,Mother 1158,Business,House wife,father1158@example.com,01711638458,Sylhet,,
Father 1159,Father 1159,Mother 1159,Business,House wife,father1159@example.com,01711638459,Dhaka,,
Father 1160,Father 1160,Mother 1160,Business,House wife,father1160@example.com,01711638460,Pabna,,
Father 1161,Father 1161,Mother 1161,Business,House wife,father1161@example.com,01711638461,Khulna,,
Father 1162,Father 1162,Mother 1162,Business,House wife,father1162@example.com,01711638462,Sylhet,,
Father 1163,Father 1163,Mother 1163,Business,House wife,father1163@example.com,01711638463,Dhaka,,
Father 1164,Father 1164,Mother 1164,Business,House wife,father1164@example.com,01711638464,Pabna,,
Father 1165,Father 1165,Mother 1165,Business,House wife,father1165@example.com,01711638465,Khulna,,
Father 1166,Father 1166,Mother 1166,Business,House wife,father1166@example.com,01711638466,Sylhet,,
Father 1167,Father 1167,Mother 1167,Business,House wife,father1167@example.com,01711638467,Dhaka,,
Father 1168,Father 1168,Mother 1168,Business,House wife,father1168@example.com,01711638468,Pabna,,
Father 1169,Father 1169,Mother 1169,Business,House wife,father1169@example.com,01711638469,Khulna,,
Father 1170,Father 1170,Mother 1170,Business,House wife,father1170@example.com,01711638470,Sylhet,,
Father 1171,Father 1171,Mother 1171,Business,House wife,father1171@example.com,01711638471,Dhaka,,
Father 1172,Father 1172,Mother 1172,Business,House wife,father1172@example.com,01711638472,Pabna,,
Father 1173,Father 1173,Mother 1173,Business,House wife,father1173@example.com,01711638473,Khulna,,
Father 1174,Father 1174,Mother 1174,Business,House wife,father1174@example.com,01711638474,Sylhet,,
Father 1175,Father 1175,Mother 1175,Business,House wife,father1175@example.com,01711638475,Dhaka,,
Father 1176,Father 1176,Mother 1176,Business,House wife,father1176@example.com,01711638476,Pabna,,
Father 1177,Father 1177,Mother 1177,Business,House wife,father1177@example.com,01711638477,Khulna,,
Father 1178,Father 1178,Mother 1178,Business,House wife,father1178@example.com,01711638478,Sylhet,,
Father 1179,Father 1179,Mother 1179,Business,House wife,father1179@example.com,01711638479,Dhaka,,
Father 1180,Father 1180,Mother 1180,Business,House wife,father1180@example.com,01711638480,Pabna,,
Father 1181,Father 1181,Mother 1181,Business,House wife,father1181@example.com,01711638481,Khulna,,
Father 1182,Father 1182,Mother 1182,Business,House wife,father1182@example.com,01711638482,Sylhet,,
Father 1183,Father 1183,Mother 1183,Business,House wife,father1183@example.com,01711638483,Dhaka,,
Father 1184,Father 1184,Mother 1184,Business,House wife,father1184@example.com,01711638484,Pabna,,
Father 1185,Father 1185,Mother 1185,Business,House wife,father1185@example.com,01711638485,Khulna,,
Father 1186,Father 1186,Mother 1186,Business,House wife,father1186@example.com,01711638486,Sylhet,,
Father 1187,Father 1187,Mother 1187,Business,House wife,father1187@example.com,01711638487,Dhaka,,
Father 1188,Father 1188,Mother 1188,Business,House wife,father1188@example.com,01711638488,Pabna,,
Father 1189,Father 1189,Mother 1189,Business,House wife,father1189@example.com,01711638489,Khulna,,
Father 1190,Father 1190,Mother 1190,Business,House wife,father1190@example.com,01711638490,Sylhet,,
Father 1191,Father 1191,Mother 1191,Business,House wife,father1191@example.com,01711638491,Dhaka,,
Father 1192,Father 1192,Mother 1192,Business,House wife,father1192@example.com,01711638492,Pabna,,
Father 1193,Father 1193,Mother 1193,Business,House wife,father1193@example.com,01711638493,Khulna,,
Father 1194,Father 1194,Mother 1194,Business,House wife,father1194@example.com,01711638494,Sylhet,,
Father 1195,Father 1195,Mother 1195,Business,House wife,father1195@example.com,01711638495,Dhaka,,
Father 1196,Father 1196,Mother 1196,Business,House wife,father1196@example.com,01711638496,Pabna,,
Father 1197,Father 1197,Mother 1197,Business,House wife,father1197@example.com,01711638497,Khulna,,
Father 1198,Father 1198,Mother 1198,Business,House wife,father1198@example.com,01711638498,Sylhet,,
Father 1199,Father 1199,Mother 1199,Business,House wife,father1199@example.com,01711638499,Dhaka,,
Father 1200,Father 1200,Mother 1200,Business,House wife,father1200@example.com,01711638500,Pabna,,
Father 1201,Father 1201,Mother 1201,Business,House wife,father1201@example.com,01711638501,Khulna,,
Father 1202,Father 1202,Mother 1202,Business,House wife,father1202@example.com,01711638502,Sylhet,,
Father 1203,Father 1203,Mother 1203,Business,House wife,father1203@example.com,01711638503,Dhaka,,
Father 1204,Father 1204,Mother 1204,Business,House wife,father1204@example.com,01711638504,Pabna,,
Father 1205,Father 1205,Mother 1205,Business,House wife,father1205@example.com,01711638505,Khulna,,
Father 1206,Father 1206,Mother 1206,Business,House wife,father1206@example.com,01711638506,Sylhet,,
Father 1207,Father 1207,Mother 1207,Business,House wife,father1207@example.com,01711638507,Dhaka,,
Father 1208,Father 1208,Mother 1208,Business,House wife,father1208@example.com,01711638508,Pabna,,
Father 1209,Father 1209,Mother 1209,Business,House wife,father1209@example.com,01711638509,Khulna,,
Father 1210,Father 1210,Mother 1210,Business,House wife,father1210@example.com,01711638510,Sylhet,,
Father 1211,Father 1211,Mother 1211,Business,House wife,father1211@example.com,01711638511,Dhaka,,
Father 1212,Father 1212,Mother 1212,Business,House wife,father1212@example.com,01711638512,Pabna,,
Father 1213,Father 1213,Mother 1213,Business,House wife,father1213@example.com,01711638513,Khulna,,
Father 1214,Father 1214,Mother 1214,Business,House wife,father1214@example.com,01711638514,Sylhet,,
Father 1215,Father 1215,Mother 1215,Business,House wife,father1215@example.com,01711638515,Dhaka,,
Father 1216,Father 1216,Mother 1216,Business,House wife,father1216@example.com,01711638516,Pabna,,
Father 1217,Father 1217,Mother 1217,Business,House wife,father1217@example.com,01711638517,Khulna,,
Father 1218,Father 1218,Mother 1218,Business,House wife,father1218@example.com,01711638518,Sylhet,,
Father 1219,Father 1219,Mother 1219,Business,House wife,father1219@example.com,01711638519,Dhaka,,
Father 1220,Father 1220,Mother 1220,Business,House wife,father1220@example.com,01711638520,Pabna,,
Father 1221,Father 1221,Mother 1221,Business,House wife,father1221@example.com,01711638521,Khulna,,
Father 1222,Father 1222,Mother 1222,Business,House wife,father1222@example.com,01711638522,Sylhet,,
Father 1223,Father 1223,Mother 1223,Business,House wife,father1223@example.com,01711638523,Dhaka,,
Father 1224,Father 1224,Mother 1224,Business,House wife,father1224@example.com,01711638524,Pabna,,
Father 1225,Father 1225,Mother 1225,Business,House wife,father1225@example.com,01711638525,Khulna,,
Father 1226,Father 1226,Mother 1226,Business,House wife,father1226@example.com,01711638526,Sylhet,,
Father 1227,Father 1227,Mother 1227,Business,House wife,father1227@example.com,01711638527,Dhaka,,
Father 1228,Father 1228,Mother 1228,Business,House wife,father1228@example.com,01711638528,Pabna,,
Father 1229,Father 1229,Mother 1229,Business,House wife,father1229@example.com,01711638529,Khulna,,
Father 1230,Father 1230,Mother 1230,Business,House wife,father1230@example.com,01711638530,Sylhet,,
Father 1231,Father 1231,Mother 1231,Business,House wife,father1231@example.com,01711638531,Dhaka,,
Father 1232,Father 1232,Mother 1232,Business,House wife,father1232@example.com,01711638532,Pabna,,
Father 1233,Father 1233,Mother 1233,Business,House wife,father1233@example.com,01711638533,Khulna,,
Father 1234,Father 1234,Mother 1234,Business,House wife,father1234@example.com,01711638534,Sylhet,,
Father 1235,Father 1235,Mother 1235,Business,House wife,father1235@example.com,01711638535,Dhaka,,
Father 1236,Father 1236,Mother 1236,Business,House wife,father1236@example.com,01711638536,Pabna,,
Father 1237,Father 1237,Mother 1237,Business,House wife,father1237@example.com,01711638537,Khulna,,
Father 1238,Father 1238,Mother 1238,Business,House wife,father1238@example.com,01711638538,Sylhet,,
Father 1239,Father 1239,Mother 1239,Business,House wife,father1239@example.com,01711638539,Dhaka,,
Father 1240,Father 1240,Mother 1240,Business,House wife,father1240@example.com,01711638540,Pabna,,
Father 1241,Father 1241,Mother 1241,Business,House wife,father1241@example.com,01711638541,Khulna,,
Father 1242,Father 1242,Mother 1242,Business,House wife,father1242@example.com,01711638542,Sylhet,,
Father 1243,Father 1243,Mother 1243,Business,House wife,father1243@example.com,01711638543,Dhaka,,
Father 1244,Father 1244,Mother 1244,Business,House wife,father1244@example.com,01711638544,Pabna,,
Father 1245,Father 1245,Mother 1245,Business,House wife,father1245@example.com,01711638545,Khulna,,
Father 1246,Father 1246,Mother 1246,Business,House wife,father1246@example.com,01711638546,Sylhet,,
Father 1247,Father 1247,Mother 1247,Business,House wife,father1247@example.com,01711638547,Dhaka,,
Father 1248,Father 1248,Mother 1248,Business,House wife,father1248@example.com,01711638548,Pabna,,
Father 1249,Father 1249,Mother 1249,Business,House wife,father1249@example.com,01711638549,Khulna,,
Father 1250,Father 1250,Mother 1250,Business,House wife,father1250@example.com,01711638550,Sylhet,,
Father 1251,Father 1251,Mother 1251,Business,House wife,father1251@example.com,01711638551,Dhaka,,
Father 1252,Father 1252,Mother 1252,Business,House wife,father1252@example.com,01711638552,Pabna,,
Father 1253,Father 1253,Mother 1253,Business,House wife,father1253@example.com,01711638553,Khulna,,
Father 1254,Father 1254,Mother 1254,Business,House wife,father1254@example.com,01711638554,Sylhet,,
Father 1255,Father 1255,Mother 1255,Business,House wife,father1255@example.com,01711638555,Dhaka,,
Father 1256,Father 1256,Mother 1256,Business,House wife,father1256@example.com,01711638556,Pabna,,
Father 1257,Father 1257,Mother 1257,Business,House wife,father1257@example.com,01711638557,Khulna,,
Father 1258,Father 1258,Mother 1258,Business,House wife,father1258@example.com,01711638558,Sylhet,,
Father 1259,Father 1259,Mother 1259,Business,House wife,father1259@example.com,01711638559,Dhaka,,
Father 1260,Father 1260,Mother 1260,Business,House wife,father1260@example.com,01711638560,Pabna,,
Father 1261,Father 1261,Mother 1261,Business,House wife,father1261@example.com,01711638561,Khulna,,
Father 1262,Father 1262,Mother 1262,Business,House wife,father1262@example.com,01711638562,Sylhet,,
Father 1263,Father 1263,Mother 1263,Business,House wife,father1263@example.com,01711638563,Dhaka,,
Father 1264,Father 1264,Mother 1264,Business,House wife,father1264@example.com,01711638564,Pabna,,
Father 1265,Father 1265,Mother 1265,Business,House wife,father1265@example.com,01711638565,Khulna,,
Father 1266,Father 1266,Mother 1266,Business,House wife,father1266@example.com,01711638566,Sylhet,,
Father 1267,Father 1267,Mother 1267,Business,House wife,father1267@example.com,01711638567,Dhaka,,
Father 1268,Father 1268,Mother 1268,Business,House wife,father1268@example.com,01711638568,Pabna,,
Father 1269,Father 1269,Mother 1269,Business,House wife,father1269@example.com,01711638569,Khulna,,
Father 1270,Father 1270,Mother 1270,Business,House wife,father1270@example.com,01711638570,Sylhet,,
Father 1271,Father 1271,Mother 1271,Business,House wife,father1271@example.com,01711638571,Dhaka,,
Father 1272,Father 1272,Mother 1272,Business,House wife,father1272@example.com,01711638572,Pabna,,
Father 1273,Father 1273,Mother 1273,Business,House wife,father1273@example.com,01711638573,Khulna,,
Father 1274,Father 1274,Mother 1274,Business,House wife,father1274@example.com,01711638574,Sylhet,,
Father 1275,Father 1275,Mother 1275,Business,House wife,father1275@example.com,01711638575,Dhaka,,
Father 1276,Father 1276,Mother 1276,Business,House wife,father1276@example.com,01711638576,Pabna,,
Father 1277,Father 1277,Mother 1277,Business,House wife,father1277@example.com,01711638577,Khulna,,
Father 1278,Father 1278,Mother 1278,Business,House wife,father1278@example.com,01711638578,Sylhet,,
Father 1279,Father 1279,Mother 1279,Business,House wife,father1279@example.com,01711638579,Dhaka,,
Father 1280,Father 1280,Mother 1280,Business,House wife,father1280@example.com,01711638580,Pabna,,
Father 1281,Father 1281,Mother 1281,Business,House wife,father1281@example.com,01711638581,Khulna,,
Father 1282,Father 1282,Mother 1282,Business,House wife,father1282@example.com,01711638582,Sylhet,,
Father 1283,Father 1283,Mother 1283,Business,House wife,father1283@example.com,01711638583,Dhaka,,
Father 1284,Father 1284,Mother 1284,Business,House wife,father1284@example.com,01711638584,Pabna,,
Father 1285,Father 1285,Mother 1285,Business,House wife,father1285@example.com,01711638585,Khulna,,
Father 1286,Father 1286,Mother 1286,Business,House wife,father1286@example.com,01711638586,Sylhet,,
Father 1287,Father 1287,Mother 1287,Business,House wife,father1287@example.com,01711638587,Dhaka,,
Father 1288,Father 1288,Mother 1288,Business,House wife,father1288@example.com,01711638588,Pabna,,
Father 1289,Father 1289,Mother 1289,Business,House wife,father1289@example.com,01711638589,Khulna,,
Father 1290,Father 1290,Mother 1290,Business,House wife,father1290@example.com,01711638590,Sylhet,,
Father 1291,Father 1291,Mother 1291,Business,House wife,father1291@example.com,01711638591,Dhaka,,
Father 1292,Father 1292,Mother 1292,Business,House wife,father1292@example.com,01711638592,Pabna,,
Father 1293,Father 1293,Mother 1293,Business,House wife,father1293@example.com,01711638593,Khulna,,
Father 1294,Father 1294,Mother 1294,Business,House wife,father1294@example.com,01711638594,Sylhet,,
Father 1295,Father 1295,Mother 1295,Business,House wife,father1295@example.com,01711638595,Dhaka,,
Father 1296,Father 1296,Mother 1296,Business,House wife,father1296@example.com,01711638596,Pabna,,
Father 1297,Father 1297,Mother 1297,Business,House wife,father1297@example.com,01711638597,Khulna,,
Father 1298,Father 1298,Mother 1298,Business,House wife,father1298@example.com,01711638598,Sylhet,,
Father 1299,Father 1299,Mother 1299,Business,House wife,father1299@example.com,01711638599,Dhaka,,
Father 1300,Father 1300,Mother 1300,Business,House wife,father1300@example.com,01711638600,Pabna,,
Father 1301,Father 1301,Mother 1301,Business,House wife,father1301@example.com,01711638601,Khulna,,
Father 1302,Father 1302,Mother 1302,Business,House wife,father1302@example.com,01711638602,Sylhet,,
Father 1303,Father 1303,Mother 1303,Business,House wife,father1303@example.com,01711638603,Dhaka,,
Father 1304,Father 1304,Mother 1304,Business,House wife,father1304@example.com,01711638604,Pabna,,
Father 1305,Father 1305,Mother 1305,Business,House wife,father1305@example.com,01711638605,Khulna,,
Father 1306,Father 1306,Mother 1306,Business,House wife,father1306@example.com,01711638606,Sylhet,,
Father 1307,Father 1307,Mother 1307,Business,House wife,father1307@example.com,01711638607,Dhaka,,
Father 1308,Father 1308,Mother 1308,Business,House wife,father1308@example.com,01711638608,Pabna,,
Father 1309,Father 1309,Mother 1309,Business,House wife,father1309@example.com,01711638609,Khulna,,
Father 1310,Father 1310,Mother 1310,Business,House wife,father1310@example.com,01711638610,Sylhet,,
Father 1311,Father 1311,Mother 1311,Business,House wife,father1311@example.com,01711638611,Dhaka,,
Father 1312,Father 1312,Mother 1312,Business,House wife,father1312@example.com,01711638612,Pabna,,
Father 1313,Father 1313,Mother 1313,Business,House wife,father1313@example.com,01711638613,Khulna,,
Father 1314,Father 1314,Mother 1314,Business,House wife,father1314@example.com,01711638614,Sylhet,,
Father 1315,Father 1315,Mother 1315,Business,House wife,father1315@example.com,01711638615,Dhaka,,
Father 1316,Father 1316,Mother 1316,Business,House wife,father1316@example.com,01711638616,Pabna,,
Father 1317,Father 1317,Mother 1317,Business,House wife,father1317@example.com,01711638617,Khulna,,
Father 1318,Father 1318,Mother 1318,Business,House wife,father1318@example.com,01711638618,Sylhet,,
Father 1319,Father 1319,Mother 1319,Business,House wife,father1319@example.com,01711638619,Dhaka,,
Father 1320,Father 1320,Mother 1320,Business,House wife,father1320@example.com,01711638620,Pabna,,
Father 1321,Father 1321,Mother 1321,Business,House wife,father1321@example.com,01711638621,Khulna,,
Father 1322,Father 1322,Mother 1322,Business,House wife,father1322@example.com,01711638622,Sylhet,,
Father 1323,Father 1323,Mother 1323,Business,House wife,father1323@example.com,01711638623,Dhaka,,
Father 1324,Father 1324,Mother 1324,Business,House wife,father1324@example.com,01711638624,Pabna,,
Father 1325,Father 1325,Mother 1325,Business,House wife,father1325@example.com,01711638625,Khulna,,
Father 1326,Father 1326,Mother 1326,Business,House wife,father1326@example.com,01711638626,Sylhet,,
Father 1327,Father 1327,Mother 1327,Business,House wife,father1327@example.com,01711638627,Dhaka,,
Father 1328,Father 1328,Mother 1328,Business,House wife,father1328@example.com,01711638628,Pabna,,
Father 1329,Father 1329,Mother 1329,Business,House wife,father1329@example.com,01711638629,Khulna,,
Father 1330,Father 1330,Mother 1330,Business,House wife,father1330@example.com,01711638630,Sylhet,,
Father 1331,Father 1331,Mother 1331,Business,House wife,father1331@example.com,01711638631,Dhaka,,
Father 1332,Father 1332,Mother 1332,Business,House wife,father1332@example.com,01711638632,Pabna,,
Father 1333,Father 1333,Mother 1333,Business,House wife,father1333@example.com,01711638633,Khulna,,
Father 1334,Father 1334,Mother 1334,Business,House wife,father1334@example.com,01711638634,Sylhet,,
Father 1335,Father 1335,Mother 1335,Business,House wife,father1335@example.com,01711638635,Dhaka,,
Father 1336,Father 1336,Mother 1336,Business,House wife,father1336@example.com,01711638636,Pabna,,
Father 1337,Father 1337,Mother 1337,Business,House wife,father1337@example.com,01711638637,Khulna,,
Father 1338,Father 1338,Mother 1338,Business,House wife,father1338@example.com,01711638638,Sylhet,,
Father 1339,Father 1339,Mother 1339,Business,House wife,father1339@example.com,01711638639,Dhaka,,
Father 1340,Father 1340,Mother 1340,Business,House wife,father1340@example.com,01711638640,Pabna,,
Father 1341,Father 1341,Mother 1341,Business,House wife,father1341@example.com,01711638641,Khulna,,
Father 1342,Father 1342,Mother 1342,Business,House wife,father1342@example.com,01711638642,Sylhet,,
Father 1343,Father 1343,Mother 1343,Business,House wife,father1343@example.com,01711638643,Dhaka,,
Father 1344,Father 1344,Mother 1344,Business,House wife,father1344@example.com,01711638644,Pabna,,
Father 1345,Father 1345,Mother 1345,Business,House wife,father1345@example.com,01711638645,Khulna,,
Father 1346,Father 1346,Mother 1346,Business,House wife,father1346@example.com,01711638646,Sylhet,,
Father 1347,Father 1347,Mother 1347,Business,House wife,father1347@example.com,01711638647,Dhaka,,
Father 1348,Father 1348,Mother 1348,Business,House wife,father1348@example.com,01711638648,Pabna,,
Father 1349,Father 1349,Mother 1349,Business,House wife,father1349@example.com,01711638649,Khulna,,
Father 1350,Father 1350,Mother 1350,Business,House wife,father1350@example.com,01711638650,Sylhet,,
Father 1351,Father 1351,Mother 1351,Business,House wife,father1351@example.com,01711638651,Dhaka,,
Father 1352,Father 1352,Mother 1352,Business,House wife,father1352@example.com,01711638652,Pabna,,
Father 1353,Father 1353,Mother 1353,Business,House wife,father1353@example.com,01711638653,Khulna,,
Father 1354,Father 1354,Mother 1354,Business,House wife,father1354@example.com,01711638654,Sylhet,,
Father 1355,Father 1355,Mother 1355,Business,House wife,father1355@example.com,01711638655,Dhaka,,
Father 1356,Father 1356,Mother 1356,Business,House wife,father1356@example.com,01711638656,Pabna,,
Father 1357,Father 1357,Mother 1357,Business,House wife,father1357@example.com,01711638657,Khulna,,
Father 1358,Father 1358,Mother 1358,Business,House wife,father1358@example.com,01711638658,Sylhet,,
Father 1359,Father 1359,Mother 1359,Business,House wife,father1359@example.com,01711638659,Dhaka,,
Father 1360,Father 1360,Mother 1360,Business,House wife,father1360@example.com,01711638660,Pabna,,
Father 1361,Father 1361,Mother 1361,Business,House wife,father1361@example.com,01711638661,Khulna,,
Father 1362,Father 1362,Mother 1362,Business,House wife,father1362@example.com,01711638662,Sylhet,,
Father 1363,Father 1363,Mother 1363,Business,House wife,father1363@example.com,01711638663,Dhaka,,
Father 1364,Father 1364,Mother 1364,Business,House wife,father1364@example.com,01711638664,Pabna,,
Father 1365,Father 1365,Mother 1365,Business,House wife,father1365@example.com,01711638665,Khulna,,
Father 1366,Father 1366,Mother 1366,Business,House wife,father1366@example.com,01711638666,Sylhet,,
Father 1367,Father 1367,Mother 1367,Business,House wife,father1367@example.com,01711638667,Dhaka,,
Father 1368,Father 1368,Mother 1368,Business,House wife,father1368@example.com,01711638668,Pabna,,
Father 1369,Father 1369,Mother 1369,Business,House wife,father1369@example.com,01711638669,Khulna,,
Father 1370,Father 1370,Mother 1370,Business,House wife,father1370@example.com,01711638670,Sylhet,,
Father 1371,Father 1371,Mother 1371,Business,House wife,father1371@example.com,01711638671,Dhaka,,
Father 1372,Father 1372,Mother 1372,Business,House wife,father1372@example.com,01711638672,Pabna,,
Father 1373,Father 1373,Mother 1373,Business,House wife,father1373@example.com,01711638673,Khulna,,
Father 1374,Father 1374,Mother 1374,Business,House wife,father1374@example.com,01711638674,Sylhet,,
Father 1375,Father 1375,Mother 1375,Business,House wife,father1375@example.com,01711638675,Dhaka,,
Father 1376,Father 1376,Mother 1376,Business,House wife,father1376@example.com,01711638676,Pabna,,
Father 1377,Father 1377,Mother 1377,Business,House wife,father1377@example.com,01711638677,Khulna,,
Father 1378,Father 1378,Mother 1378,Business,House wife,father1378@example.com,01711638678,Sylhet,,
Father 1379,Father 1379,Mother 1379,Business,House wife,father1379@example.com,01711638679,Dhaka,,
Father 1380,Father 1380,Mother 1380,Business,House wife,father1380@example.com,01711638680,Pabna,,
Father 1381,Father 1381,Mother 1381,Business,House wife,father1381@example.com,01711638681,Khulna,,
Father 1382,Father 1382,Mother 1382,Business,House wife,father1382@example.com,01711638682,Sylhet,,
Father 1383,Father 1383,Mother 1383,Business,House wife,father1383@example.com,01711638683,Dhaka,,
Father 1384,Father 1384,Mother 1384,Business,House wife,father1384@example.com,01711638684,Pabna,,
Father 1385,Father 1385,Mother 1385,Business,House wife,father1385@example.com,01711638685,Khulna,,
Father 1386,Father 1386,Mother 1386,Business,House wife,father1386@example.com,01711638686,Sylhet,,
Father 1387,Father 1387,Mother 1387,Business,House wife,father1387@example.com,01711638687,Dhaka,,
Father 1388,Father 1388,Mother 1388,Business,House wife,father1388@example.com,01711638688,Pabna,,
Father 1389,Father 1389,Mother 1389,Business,House wife,father1389@example.com,01711638689,Khulna,,
Father 1390,Father 1390,Mother 1390,Business,House wife,father1390@example.com,01711638690,Sylhet,,
Father 1391,Father 1391,Mother 1391,Business,House wife,father1391@example.com,01711638691,Dhaka,,
Father 1392,Father 1392,Mother 1392,Business,House wife,father1392@example.com,01711638692,Pabna,,
Father 1393,Father 1393,Mother 1393,Business,House wife,father1393@example.com,01711638693,Khulna,,
Father 1394,Father 1394,Mother 1394,Business,House wife,father1394@example.com,01711638694,Sylhet,,
Father 1395,Father 1395,Mother 1395,Business,House wife,father1395@example.com,01711638695,Dhaka,,
Father 1396,Father 1396,Mother 1396,Business,House wife,father1396@example.com,01711638696,Pabna,,
Father 1397,Father 1397,Mother 1397,Business,House wife,father1397@example.com,01711638697,Khulna,,
Father 1398,Father 1398,Mother 1398,Business,House wife,father1398@example.com,01711638698,Sylhet,,
Father 1399,Father 1399,Mother 1399,Business,House wife,father1399@example.com,01711638699,Dhaka,,
Father 1400,Father 1400,Mother 1400,Business,House wife,father1400@example.com,01711638700,Pabna,,
Father 1401,Father 1401,Mother 1401,Business,House wife,father1401@example.com,01711638701,Khulna,,
Father 1402,Father 1402,Mother 1402,Business,House wife,father1402@example.com,01711638702,Sylhet,,
Father 1403,Father 1403,Mother 1403,Business,House wife,father1403@example.com,01711638703,Dhaka,,
Father 1404,Father 1404,Mother 1404,Business,House wife,father1404@example.com,01711638704,Pabna,,
Father 1405,Father 1405,Mother 1405,Business,House wife,father1405@example.com,01711638705,Khulna,,
Father 1406,Father 1406,Mother 1406,Business,House wife,father1406@example.com,01711638706,Sylhet,,
Father 1407,Father 1407,Mother 1407,Business,House wife,father1407@example.com,01711638707,Dhaka,,
Father 1408,Father 1408,Mother 1408,Business,House wife,father1408@example.com,01711638708,Pabna,,
Father 1409,Father 1409,Mother 1409,Business,House wife,father1409@example.com,01711638709,Khulna,,
Father 1410,Father 1410,Mother 1410,Business,House wife,father1410@example.com,01711638710,Sylhet,,
Father 1411,Father 1411,Mother 1411,Business,House wife,father1411@example.com,01711638711,Dhaka,,
Father 1412,Father 1412,Mother 1412,Business,House wife,father1412@example.com,01711638712,Pabna,,
Father 1413,Father 1413,Mother 1413,Business,House wife,father1413@example.com,01711638713,Khulna,,
Father 1414,Father 1414,Mother 1414,Business,House wife,father1414@example.com,01711638714,Sylhet,,
Father 1415,Father 1415,Mother 1415,Business,House wife,father1415@example.com,01711638715,Dhaka,,
Father 1416,Father 1416,Mother 1416,Business,House wife,father1416@example.com,01711638716,Pabna,,
Father 1417,Father 1417,Mother 1417,Business,House wife,father1417@example.com,01711638717,Khulna,,
Father 1418,Father 1418,Mother 1418,Business,House wife,father1418@example.com,01711638718,Sylhet,,
Father 1419,Father 1419,Mother 1419,Business,House wife,father1419@example.com,01711638719,Dhaka,,
Father 1420,Father 1420,Mother 1420,Business,House wife,father1420@example.com,01711638720,Pabna,,
Father 1421,Father 1421,Mother 1421,Business,House wife,father1421@example.com,01711638721,Khulna,,
Father 1422,Father 1422,Mother 1422,Business,House wife,father1422@example.com,01711638722,Sylhet,,
Father 1423,Father 1423,Mother 1423,Business,House wife,father1423@example.com,01711638723,Dhaka,,
Father 1424,Father 1424,Mother 1424,Business,House wife,father1424@example.com,01711638724,Pabna,,
Father 1425,Father 1425,Mother 1425,Business,House wife,father1425@example.com,01711638725,Khulna,,
Father 1426,Father 1426,Mother 1426,Business,House wife,father1426@example.com,01711638726,Sylhet,,
Father 1427,Father 1427,Mother 1427,Business,House wife,father1427@example.com,01711638727,Dhaka,,
Father 1428,Father 1428,Mother 1428,Business,House wife,father1428@example.com,01711638728,Pabna,,
Father 1429,Father 1429,Mother 1429,Business,House wife,father1429@example.com,01711638729,Khulna,,
Father 1430,Father 1430,Mother 1430,Business,House wife,father1430@example.com,01711638730,Sylhet,,
Father 1431,Father 1431,Mother 1431,Business,House wife,father1431@example.com,01711638731,Dhaka,,
Father 1432,Father 1432,Mother 1432,Business,House wife,father1432@example.com,01711638732,Pabna,,
Father 1433,Father 1433,Mother 1433,Business,House wife,father1433@example.com,01711638733,Khulna,,
Father 1434,Father 1434,Mother 1434,Business,House wife,father1434@example.com,01711638734,Sylhet,,
Father 1435,Father 1435,Mother 1435,Business,House wife,father1435@example.com,01711638735,Dhaka,,
Father 1436,Father 1436,Mother 1436,Business,House wife,father1436@example.com,01711638736,Pabna,,
Father 1437,Father 1437,Mother 1437,Business,House wife,father1437@example.com,01711638737,Khulna,,
Father 1438,Father 1438,Mother 1438,Business,House wife,father1438@example.com,01711638738,Sylhet,,
Father 1439,Father 1439,Mother 1439,Business,House wife,father1439@example.com,01711638739,Dhaka,,
Father 1440,Father 1440,Mother 1440,Business,House wife,father1440@example.com,01711638740,Pabna,,
Father 1441,Father 1441,Mother 1441,Business,House wife,father1441@example.com,01711638741,Khulna,,
Father 1442,Father 1442,Mother 1442,Business,House wife,father1442@example.com,01711638742,Sylhet,,
Father 1443,Father 1443,Mother 1443,Business,House wife,father1443@example.com,01711638743,Dhaka,,
Father 1444,Father 1444,Mother 1444,Business,House wife,father1444@example.com,01711638744,Pabna,,
Father 1445,Father 1445,Mother 1445,Business,House wife,father1445@example.com,01711638745,Khulna,,
Father 1446,Father 1446,Mother 1446,Business,House wife,father1446@example.com,01711638746,Sylhet,,
Father 1447,Father 1447,Mother 1447,Business,House wife,father1447@example.com,01711638747,Dhaka,,
Father 1448,Father 1448,Mother 1448,Business,House wife,father1448@example.com,01711638748,Pabna,,
Father 1449,Father 1449,Mother 1449,Business,House wife,father1449@example.com,01711638749,Khulna,,
Father 1450,Father 1450,Mother 1450,Business,House wife,father1450@example.com,01711638750,Sylhet,,
Father 1451,Father 1451,Mother 1451,Business,House wife,father1451@example.com,01711638751,Dhaka,,
Father 1452,Father 1452,Mother 1452,Business,House wife,father1452@example.com,01711638752,Pabna,,
Father 1453,Father 1453,Mother 1453,Business,House wife,father1453@example.com,01711638753,Khulna,,
Father 1454,Father 1454,Mother 1454,Business,House wife,father1454@example.com,01711638754,Sylhet,,
Father 1455,Father 1455,Mother 1455,Business,House wife,father1455@example.com,01711638755,Dhaka,,
Father 1456,Father 1456,Mother 1456,Business,House wife,father1456@example.com,01711638756,Pabna,,
Father 1457,Father 1457,Mother 1457,Business,House wife,father1457@example.com,01711638757,Khulna,,
Father 1458,Father 1458,Mother 1458,Business,House wife,father1458@example.com,01711638758,Sylhet,,
Father 1459,Father 1459,Mother 1459,Business,House wife,father1459@example.com,01711638759,Dhaka,,
Father 1460,Father 1460,Mother 1460,Business,House wife,father1460@example.com,01711638760,Pabna,,
Father 1461,Father 1461,Mother 1461,Business,House wife,father1461@example.com,01711638761,Khulna,,
Father 1462,Father 1462,Mother 1462,Business,House wife,father1462@example.com,01711638762,Sylhet,,
Father 1463,Father 1463,Mother 1463,Business,House wife,father1463@example.com,01711638763,Dhaka,,
Father 1464,Father 1464,Mother 1464,Business,House wife,father1464@example.com,01711638764,Pabna,,
Father 1465,Father 1465,Mother 1465,Business,House wife,father1465@example.com,01711638765,Khulna,,
Father 1466,Father 1466,Mother 1466,Business,House wife,father1466@example.com,01711638766,Sylhet,,
Father 1467,Father 1467,Mother 1467,Business,House wife,father1467@example.com,01711638767,Dhaka,,
Father 1468,Father 1468,Mother 1468,Business,House wife,father1468@example.com,01711638768,Pabna,,
Father 1469,Father 1469,Mother 1469,Business,House wife,father1469@example.com,01711638769,Khulna,,
Father 1470,Father 1470,Mother 1470,Business,House wife,father1470@example.com,01711638770,Sylhet,,
Father 1471,Father 1471,Mother 1471,Business,House wife,father1471@example.com,01711638771,Dhaka,,
Father 1472,Father 1472,Mother 1472,Business,House wife,father1472@example.com,01711638772,Pabna,,
Father 1473,Father 1473,Mother 1473,Business,House wife,father1473@example.com,01711638773,Khulna,,
Father 1474,Father 1474,Mother 1474,Business,House wife,father1474@example.com,01711638774,Sylhet,,
Father 1475,Father 1475,Mother 1475,Business,House wife,father1475@example.com,01711638775,Dhaka,,
Father 1476,Father 1476,Mother 1476,Business,House wife,father1476@example.com,01711638776,Pabna,,
Father 1477,Father 1477,Mother 1477,Business,House wife,father1477@example.com,01711638777,Khulna,,
Father 1478,Father 1478,Mother 1478,Business,House wife,father1478@example.com,01711638778,Sylhet,,
Father 1479,Father 1479,Mother 1479,Business,House wife,father1479@example.com,01711638779,Dhaka,,
Father 1480,Father 1480,Mother 1480,Business,House wife,father1480@example.com,01711638780,Pabna,,
Father 1481,Father 1481,Mother 1481,Business,House wife,father1481@example.com,01711638781,Khulna,,
Father 1482,Father 1482,Mother 1482,Business,House wife,father1482@example.com,01711638782,Sylhet,,
Father 1483,Father 1483,Mother 1483,Business,House wife,father1483@example.com,01711638783,Dhaka,,
Father 1484,Father 1484,Mother 1484,Business,House wife,father1484@example.com,01711638784,Pabna,,
Father 1485,Father 1485,Mother 1485,Business,House wife,father1485@example.com,01711638785,Khulna,,
Father 1486,Father 1486,Mother 1486,Business,House wife,father1486@example.com,01711638786,Sylhet,,
Father 1487,Father 1487,Mother 1487,Business,House wife,father1487@example.com,01711638787,Dhaka,,
Father 1488,Father 1488,Mother 1488,Business,House wife,father1488@example.com,01711638788,Pabna,,
Father 1489,Father 1489,Mother 1489,Business,House wife,father1489@example.com,01711638789,Khulna,,
Father 1490,Father 1490,Mother 1490,Business,House wife,father1490@example.com,01711638790,Sylhet,,
Father 1491,Father 1491,Mother 1491,Business,House wife,father1491@example.com,01711638791,Dhaka,,
Father 1492,Father 1492,Mother 1492,Business,House wife,father1492@example.com,01711638792,Pabna,,
Father 1493,Father 1493,Mother 1493,Business,House wife,father1493@example.com,01711638793,Khulna,,
Father 1494,Father 1494,Mother 1494,Business,House wife,father1494@example.com,01711638794,Sylhet,,
Father 1495,Father 1495,Mother 1495,Business,House wife,father1495@example.com,01711638795,Dhaka,,
Father 1496,Father 1496,Mother 1496,Business,House wife,father1496@example.com,01711638796,Pabna,,
Father 1497,Father 1497,Mother 1497,Business,House wife,father1497@example.com,01711638797,Khulna,,
Father 1498,Father 1498,Mother 1498,Business,House wife,father1498@example.com,01711638798,Sylhet,,
Father 1499,Father 1499,Mother 1499,Business,House wife,father1499@example.com,01711638799,Dhaka,,
Father 1500,Father 1500,Mother 1500,Business,House wife,father1500@example.com,01711638800,Pabna,,
Father 1501,Father 1501,Mother 1501,Business,House wife,father1501@example.com,01711638801,Khulna,,
Father 1502,Father 1502,Mother 1502,Business,House wife,father1502@example.com,01711638802,Sylhet,,
Father 1503,Father 1503,Mother 1503,Business,House wife,father1503@example.com,01711638803,Dhaka,,
Father 1504,Father 1504,Mother 1504,Business,House wife,father1504@example.com,01711638804,Pabna,,
Father 1505,Father 1505,Mother 1505,Business,House wife,father1505@example.com,01711638805,Khulna,,
Father 1506,Father 1506,Mother 1506,Business,House wife,father1506@example.com,01711638806,Sylhet,,
Father 1507,Father 1507,Mother 1507,Business,House wife,father1507@example.com,01711638807,Dhaka,,
Father 1508,Father 1508,Mother 1508,Business,House wife,father1508@example.com,01711638808,Pabna,,
Father 1509,Father 1509,Mother 1509,Business,House wife,father1509@example.com,01711638809,Khulna,,
Father 1510,Father 1510,Mother 1510,Business,House wife,father1510@example.com,01711638810,Sylhet,,
Father 1511,Father 1511,Mother 1511,Business,House wife,father1511@example.com,01711638811,Dhaka,,
Father 1512,Father 1512,Mother 1512,Business,House wife,father1512@example.com,01711638812,Pabna,,
Father 1513,Father 1513,Mother 1513,Business,House wife,father1513@example.com,01711638813,Khulna,,
Father 1514,Father 1514,Mother 1514,Business,House wife,father1514@example.com,01711638814,Sylhet,,
Father 1515,Father 1515,Mother 1515,Business,House wife,father1515@example.com,01711638815,Dhaka,,
Father 1516,Father 1516,Mother 1516,Business,House wife,father1516@example.com,01711638816,Pabna,,
Father 1517,Father 1517,Mother 1517,Business,House wife,father1517@example.com,01711638817,Khulna,,
Father 1518,Father 1518,Mother 1518,Business,House wife,father1518@example.com,01711638818,Sylhet,,
Father 1519,Father 1519,Mother 1519,Business,House wife,father1519@example.com,01711638819,Dhaka,,
Father 1520,Father 1520,Mother 1520,Business,House wife,father1520@example.com,01711638820,Pabna,,
Father 1521,Father 1521,Mother 1521,Business,House wife,father1521@example.com,01711638821,Khulna,,
Father 1522,Father 1522,Mother 1522,Business,House wife,father1522@example.com,01711638822,Sylhet,,
Father 1523,Father 1523,Mother 1523,Business,House wife,father1523@example.com,01711638823,Dhaka,,
Father 1524,Father 1524,Mother 1524,Business,House wife,father1524@example.com,01711638824,Pabna,,
Father 1525,Father 1525,Mother 1525,Business,House wife,father1525@example.com,01711638825,Khulna,,
Father 1526,Father 1526,Mother 1526,Business,House wife,father1526@example.com,01711638826,Sylhet,,
Father 1527,Father 1527,Mother 1527,Business,House wife,father1527@example.com,01711638827,Dhaka,,
Father 1528,Father 1528,Mother 1528,Business,House wife,father1528@example.com,01711638828,Pabna,,
Father 1529,Father 1529,Mother 1529,Business,House wife,father1529@example.com,01711638829,Khulna,,
Father 1530,Father 1530,Mother 1530,Business,House wife,father1530@example.com,01711638830,Sylhet,,
Father 1531,Father 1531,Mother 1531,Business,House wife,father1531@example.com,01711638831,Dhaka,,
Father 1532,Father 1532,Mother 1532,Business,House wife,father1532@example.com,01711638832,Pabna,,
Father 1533,Father 1533,Mother 1533,Business,House wife,father1533@example.com,01711638833,Khulna,,
Father 1534,Father 1534,Mother 1534,Business,House wife,father1534@example.com,01711638834,Sylhet,,
Father 1535,Father 1535,Mother 1535,Business,House wife,father1535@example.com,01711638835,Dhaka,,
Father 1536,Father 1536,Mother 1536,Business,House wife,father1536@example.com,01711638836,Pabna,,
Father 1537,Father 1537,Mother 1537,Business,House wife,father1537@example.com,01711638837,Khulna,,
Father 1538,Father 1538,Mother 1538,Business,House wife,father1538@example.com,01711638838,Sylhet,,
Father 1539,Father 1539,Mother 1539,Business,House wife,father1539@example.com,01711638839,Dhaka,,
Father 1540,Father 1540,Mother 1540,Business,House wife,father1540@example.com,01711638840,Pabna,,
Father 1541,Father 1541,Mother 1541,Business,House wife,father1541@example.com,01711638841,Khulna,,
Father 1542,Father 1542,Mother 1542,Business,House wife,father1542@example.com,01711638842,Sylhet,,
Father 1543,Father 1543,Mother 1543,Business,House wife,father1543@example.com,01711638843,Dhaka,,
Father 1544,Father 1544,Mother 1544,Business,House wife,father1544@example.com,01711638844,Pabna,,
Father 1545,Father 1545,Mother 1545,Business,House wife,father1545@example.com,01711638845,Khulna,,
Father 1546,Father 1546,Mother 1546,Business,House wife,father1546@example.com,01711638846,Sylhet,,
Father 1547,Father 1547,Mother 1547,Business,House wife,father1547@example.com,01711638847,Dhaka,,
Father 1548,Father 1548,Mother 1548,Business,House wife,father1548@example.com,01711638848,Pabna,,
Father 1549,Father 1549,Mother 1549,Business,House wife,father1549@example.com,01711638849,Khulna,,
Father 1550,Father 1550,Mother 1550,Business,House wife,father1550@example.com,01711638850,Sylhet,,
Father 1551,Father 1551,Mother 1551,Business,House wife,father1551@example.com,01711638851,Dhaka,,
Father 1552,Father 1552,Mother 1552,Business,House wife,father1552@example.com,01711638852,Pabna,,
Father 1553,Father 1553,Mother 1553,Business,House wife,father1553@example.com,01711638853,Khulna,,
Father 1554,Father 1554,Mother 1554,Business,House wife,father1554@example.com,01711638854,Sylhet,,
Father 1555,Father 1555,Mother 1555,Business,House wife,father1555@example.com,01711638855,Dhaka,,
Father 1556,Father 1556,Mother 1556,Business,House wife,father1556@example.com,01711638856,Pabna,,
Father 1557,Father 1557,Mother 1557,Business,House wife,father1557@example.com,01711638857,Khulna,,
Father 1558,Father 1558,Mother 1558,Business,House wife,father1558@example.com,01711638858,Sylhet,,
Father 1559,Father 1559,Mother 1559,Business,House wife,father1559@example.com,01711638859,Dhaka,,
Father 1560,Father 1560,Mother 1560,Business,House wife,father1560@example.com,01711638860,Pabna,,
Father 1561,Father 1561,Mother 1561,Business,House wife,father1561@example.com,01711638861,Khulna,,
Father 1562,Father 1562,Mother 1562,Business,House wife,father1562@example.com,01711638862,Sylhet,,
Father 1563,Father 1563,Mother 1563,Business,House wife,father1563@example.com,01711638863,Dhaka,,
Father 1564,Father 1564,Mother 1564,Business,House wife,father1564@example.com,01711638864,Pabna,,
Father 1565,Father 1565,Mother 1565,Business,House wife,father1565@example.com,01711638865,Khulna,,
Father 1566,Father 1566,Mother 1566,Business,House wife,father1566@example.com,01711638866,Sylhet,,
Father 1567,Father 1567,Mother 1567,Business,House wife,father1567@example.com,01711638867,Dhaka,,
Father 1568,Father 1568,Mother 1568,Business,House wife,father1568@example.com,01711638868,Pabna,,
Father 1569,Father 1569,Mother 1569,Business,House wife,father1569@example.com,01711638869,Khulna,,
Father 1570,Father 1570,Mother 1570,Business,House wife,father1570@example.com,01711638870,Sylhet,,
Father 1571,Father 1571,Mother 1571,Business,House wife,father1571@example.com,01711638871,Dhaka,,
Father 1572,Father 1572,Mother 1572,Business,House wife,father1572@example.com,01711638872,Pabna,,
Father 1573,Father 1573,Mother 1573,Business,House wife,father1573@example.com,01711638873,Khulna,,
Father 1574,Father 1574,Mother 1574,Business,House wife,father1574@example.com,01711638874,Sylhet,,
Father 1575,Father 1575,Mother 1575,Business,House wife,father1575@example.com,01711638875,Dhaka,,
Father 1576,Father 1576,Mother 1576,Business,House wife,father1576@example.com,01711638876,Pabna,,
Father 1577,Father 1577,Mother 1577,Business,House wife,father1577@example.com,01711638877,Khulna,,
Father 1578,Father 1578,Mother 1578,Business,House wife,father1578@example.com,01711638878,Sylhet,,
Father 1579,Father 1579,Mother 1579,Business,House wife,father1579@example.com,01711638879,Dhaka,,
Father 1580,Father 1580,Mother 1580,Business,House wife,father1580@example.com,01711638880,Pabna,,
Father 1581,Father 1581,Mother 1581,Business,House wife,father1581@example.com,01711638881,Khulna,,
Father 1582,Father 1582,Mother 1582,Business,House wife,father1582@example.com,01711638882,Sylhet,,
Father 1583,Father 1583,Mother 1583,Business,House wife,father1583@example.com,01711638883,Dhaka,,
Father 1584,Father 1584,Mother 1584,Business,House wife,father1584@example.com,01711638884,Pabna,,
Father 1585,Father 1585,Mother 1585,Business,House wife,father1585@example.com,01711638885,Khulna,,
Father 1586,Father 1586,Mother 1586,Business,House wife,father1586@example.com,01711638886,Sylhet,,
Father 1587,Father 1587,Mother 1587,Business,House wife,father1587@example.com,01711638887,Dhaka,,
Father 1588,Father 1588,Mother 1588,Business,House wife,father1588@example.com,01711638888,Pabna,,
Father 1589,Father 1589,Mother 1589,Business,House wife,father1589@example.com,01711638889,Khulna,,
Father 1590,Father 1590,Mother 1590,Business,House wife,father1590@example.com,01711638890,Sylhet,,
Father 1591,Father 1591,Mother 1591,Business,House wife,father1591@example.com,01711638891,Dhaka,,
Father 1592,Father 1592,Mother 1592,Business,House wife,father1592@example.com,01711638892,Pabna,,
Father 1593,Father 1593,Mother 1593,Business,House wife,father1593@example.com,01711638893,Khulna,,
Father 1594,Father 1594,Mother 1594,Business,House wife,father1594@example.com,01711638894,Sylhet,,
Father 1595,Father 1595,Mother 1595,Business,House wife,father1595@example.com,01711638895,Dhaka,,
Father 1596,Father 1596,Mother 1596,Business,House wife,father1596@example.com,01711638896,Pabna,,
Father 1597,Father 1597,Mother 1597,Business,House wife,father1597@example.com,01711638897,Khulna,,
Father 1598,Father 1598,Mother 1598,Business,House wife,father1598@example.com,01711638898,Sylhet,,
Father 1599,Father 1599,Mother 1599,Business,House wife,father1599@example.com,01711638899,Dhaka,,
Father 1600,Father 1600,Mother 1600,Business,House wife,father1600@example.com,01711638900,Pabna,,
Father 1601,Father 1601,Mother 1601,Business,House wife,father1601@example.com,01711638901,Khulna,,
Father 1602,Father 1602,Mother 1602,Business,House wife,father1602@example.com,01711638902,Sylhet,,
Father 1603,Father 1603,Mother 1603,Business,House wife,father1603@example.com,01711638903,Dhaka,,
Father 1604,Father 1604,Mother 1604,Business,House wife,father1604@example.com,01711638904,Pabna,,
Father 1605,Father 1605,Mother 1605,Business,House wife,father1605@example.com,01711638905,Khulna,,
Father 1606,Father 1606,Mother 1606,Business,House wife,father1606@example.com,01711638906,Sylhet,,
Father 1607,Father 1607,Mother 1607,Business,House wife,father1607@example.com,01711638907,Dhaka,,
Father 1608,Father 1608,Mother 1608,Business,House wife,father1608@example.com,01711638908,Pabna,,
Father 1609,Father 1609,Mother 1609,Business,House wife,father1609@example.com,01711638909,Khulna,,
Father 1610,Father 1610,Mother 1610,Business,House wife,father1610@example.com,01711638910,Sylhet,,
Father 1611,Father 1611,Mother 1611,Business,House wife,father1611@example.com,01711638911,Dhaka,,
Father 1612,Father 1612,Mother 1612,Business,House wife,father1612@example.com,01711638912,Pabna,,
Father 1613,Father 1613,Mother 1613,Business,House wife,father1613@example.com,01711638913,Khulna,,
Father 1614,Father 1614,Mother 1614,Business,House wife,father1614@example.com,01711638914,Sylhet,,
Father 1615,Father 1615,Mother 1615,Business,House wife,father1615@example.com,01711638915,Dhaka,,
Father 1616,Father 1616,Mother 1616,Business,House wife,father1616@example.com,01711638916,Pabna,,
Father 1617,Father 1617,Mother 1617,Business,House wife,father1617@example.com,01711638917,Khulna,,
Father 1618,Father 1618,Mother 1618,Business,House wife,father1618@example.com,01711638918,Sylhet,,
Father 1619,Father 1619,Mother 1619,Business,House wife,father1619@example.com,01711638919,Dhaka,,
Father 1620,Father 1620,Mother 1620,Business,House wife,father1620@example.com,01711638920,Pabna,,
Father 1621,Father 1621,Mother 1621,Business,House wife,father1621@example.com,01711638921,Khulna,,
Father 1622,Father 1622,Mother 1622,Business,House wife,father1622@example.com,01711638922,Sylhet,,
Father 1623,Father 1623,Mother 1623,Business,House wife,father1623@example.com,01711638923,Dhaka,,
Father 1624,Father 1624,Mother 1624,Business,House wife,father1624@example.com,01711638924,Pabna,,
Father 1625,Father 1625,Mother 1625,Business,House wife,father1625@example.com,01711638925,Khulna,,
Father 1626,Father 1626,Mother 1626,Business,House wife,father1626@example.com,01711638926,Sylhet,,
Father 1627,Father 1627,Mother 1627,Business,House wife,father1627@example.com,01711638927,Dhaka,,
Father 1628,Father 1628,Mother 1628,Business,House wife,father1628@example.com,01711638928,Pabna,,
Father 1629,Father 1629,Mother 1629,Business,House wife,father1629@example.com,01711638929,Khulna,,
Father 1630,Father 1630,Mother 1630,Business,House wife,father1630@example.com,01711638930,Sylhet,,
Father 1631,Father 1631,Mother 1631,Business,House wife,father1631@example.com,01711638931,Dhaka,,
Father 1632,Father 1632,Mother 1632,Business,House wife,father1632@example.com,01711638932,Pabna,,
Father 1633,Father 1633,Mother 1633,Business,House wife,father1633@example.com,01711638933,Khulna,,
Father 1634,Father 1634,Mother 1634,Business,House wife,father1634@example.com,01711638934,Sylhet,,
Father 1635,Father 1635,Mother 1635,Business,House wife,father1635@example.com,01711638935,Dhaka,,
Father 1636,Father 1636,Mother 1636,Business,House wife,father1636@example.com,01711638936,Pabna,,
Father 1637,Father 1637,Mother 1637,Business,House wife,father1637@example.com,01711638937,Khulna,,
Father 1638,Father 1638,Mother 1638,Business,House wife,father1638@example.com,01711638938,Sylhet,,
Father 1639,Father 1639,Mother 1639,Business,House wife,father1639@example.com,01711638939,Dhaka,,
Father 1640,Father 1640,Mother 1640,Business,House wife,father1640@example.com,01711638940,Pabna,,
Father 1641,Father 1641,Mother 1641,Business,House wife,father1641@example.com,01711638941,Khulna,,
Father 1642,Father 1642,Mother 1642,Business,House wife,father1642@example.com,01711638942,Sylhet,,
Father 1643,Father 1643,Mother 1643,Business,House wife,father1643@example.com,01711638943,Dhaka,,
Father 1644,Father 1644,Mother 1644,Business,House wife,father1644@example.com,01711638944,Pabna,,
Father 1645,Father 1645,Mother 1645,Business,House wife,father1645@example.com,01711638945,Khulna,,
Father 1646,Father 1646,Mother 1646,Business,House wife,father1646@example.com,01711638946,Sylhet,,
Father 1647,Father 1647,Mother 1647,Business,House wife,father1647@example.com,01711638947,Dhaka,,
Father 1648,Father 1648,Mother 1648,Business,House wife,father1648@example.com,01711638948,Pabna,,
Father 1649,Father 1649,Mother 1649,Business,House wife,father1649@example.com,01711638949,Khulna,,
Father 1650,Father 1650,Mother 1650,Business,House wife,father1650@example.com,01711638950,Sylhet,,
Father 1651,Father 1651,Mother 1651,Business,House wife,father1651@example.com,01711638951,Dhaka,,
Father 1652,Father 1652,Mother 1652,Business,House wife,father1652@example.com,01711638952,Pabna,,
Father 1653,Father 1653,Mother 1653,Business,House wife,father1653@example.com,01711638953,Khulna,,
Father 1654,Father 1654,Mother 1654,Business,House wife,father1654@example.com,01711638954,Sylhet,,
Father 1655,Father 1655,Mother 1655,Business,House wife,father1655@example.com,01711638955,Dhaka,,
Father 1656,Father 1656,Mother 1656,Business,House wife,father1656@example.com,01711638956,Pabna,,
Father 1657,Father 1657,Mother 1657,Business,House wife,father1657@example.com,01711638957,Khulna,,
Father 1658,Father 1658,Mother 1658,Business,House wife,father1658@example.com,01711638958,Sylhet,,
Father 1659,Father 1659,Mother 1659,Business,House wife,father1659@example.com,01711638959,Dhaka,,
Father 1660,Father 1660,Mother 1660,Business,House wife,father1660@example.com,01711638960,Pabna,,
Father 1661,Father 1661,Mother 1661,Business,House wife,father1661@example.com,01711638961,Khulna,,
Father 1662,Father 1662,Mother 1662,Business,House wife,father1662@example.com,01711638962,Sylhet,,
Father 1663,Father 1663,Mother 1663,Business,House wife,father1663@example.com,01711638963,Dhaka,,
Father 1664,Father 1664,Mother 1664,Business,House wife,father1664@example.com,01711638964,Pabna,,
Father 1665,Father 1665,Mother 1665,Business,House wife,father1665@example.com,01711638965,Khulna,,
Father 1666,Father 1666,Mother 1666,Business,House wife,father1666@example.com,01711638966,Sylhet,,
Father 1667,Father 1667,Mother 1667,Business,House wife,father1667@example.com,01711638967,Dhaka,,
Father 1668,Father 1668,Mother 1668,Business,House wife,father1668@example.com,01711638968,Pabna,,
Father 1669,Father 1669,Mother 1669,Business,House wife,father1669@example.com,01711638969,Khulna,,
Father 1670,Father 1670,Mother 1670,Business,House wife,father1670@example.com,01711638970,Sylhet,,
Father 1671,Father 1671,Mother 1671,Business,House wife,father1671@example.com,01711638971,Dhaka,,
Father 1672,Father 1672,Mother 1672,Business,House wife,father1672@example.com,01711638972,Pabna,,
Father 1673,Father 1673,Mother 1673,Business,House wife,father1673@example.com,01711638973,Khulna,,
Father 1674,Father 1674,Mother 1674,Business,House wife,father1674@example.com,01711638974,Sylhet,,
Father 1675,Father 1675,Mother 1675,Business,House wife,father1675@example.com,01711638975,Dhaka,,
Father 1676,Father 1676,Mother 1676,Business,House wife,father1676@example.com,01711638976,Pabna,,
Father 1677,Father 1677,Mother 1677,Business,House wife,father1677@example.com,01711638977,Khulna,,
Father 1678,Father 1678,Mother 1678,Business,House wife,father1678@example.com,01711638978,Sylhet,,
Father 1679,Father 1679,Mother 1679,Business,House wife,father1679@example.com,01711638979,Dhaka,,
Father 1680,Father 1680,Mother 1680,Business,House wife,father1680@example.com,01711638980,Pabna,,
Father 1681,Father 1681,Mother 1681,Business,House wife,father1681@example.com,01711638981,Khulna,,
Father 1682,Father 1682,Mother 1682,Business,House wife,father1682@example.com,01711638982,Sylhet,,
Father 1683,Father 1683,Mother 1683,Business,House wife,father1683@example.com,01711638983,Dhaka,,
Father 1684,Father 1684,Mother 1684,Business,House wife,father1684@example.com,01711638984,Pabna,,
Father 1685,Father 1685,Mother 1685,Business,House wife,father1685@example.com,01711638985,Khulna,,
Father 1686,Father 1686,Mother 1686,Business,House wife,father1686@example.com,01711638986,Sylhet,,
Father 1687,Father 1687,Mother 1687,Business,House wife,father1687@example.com,01711638987,Dhaka,,
Father 1688,Father 1688,Mother 1688,Business,House wife,father1688@example.com,01711638988,Pabna,,
Father 1689,Father 1689,Mother 1689,Business,House wife,father1689@example.com,01711638989,Khulna,,
Father 1690,Father 1690,Mother 1690,Business,House wife,father1690@example.com,01711638990,Sylhet,,
Father 1691,Father 1691,Mother 1691,Business,House wife,father1691@example.com,01711638991,Dhaka,,
Father 1692,Father 1692,Mother 1692,Business,House wife,father1692@example.com,01711638992,Pabna,,
Father 1693,Father 1693,Mother 1693,Business,House wife,father1693@example.com,01711638993,Khulna,,
Father 1694,Father 1694,Mother 1694,Business,House wife,father1694@example.com,01711638994,Sylhet,,
Father 1695,Father 1695,Mother 1695,Business,House wife,father1695@example.com,01711638995,Dhaka,,
Father 1696,Father 1696,Mother 1696,Business,House wife,father1696@example.com,01711638996,Pabna,,
Father 1697,Father 1697,Mother 1697,Business,House wife,father1697@example.com,01711638997,Khulna,,
Father 1698,Father 1698,Mother 1698,Business,House wife,father1698@example.com,01711638998,Sylhet,,
Father 1699,Father 1699,Mother 1699,Business,House wife,father1699@example.com,01711638999,Dhaka,,
Father 1700,Father 1700,Mother 1700,Business,House wife,father1700@example.com,01711639000,Pabna,,
Father 1701,Father 1701,Mother 1701,Business,House wife,father1701@example.com,01711639001,Khulna,,
Father 1702,Father 1702,Mother 1702,Business,House wife,father1702@example.com,01711639002,Sylhet,,
Father 1703,Father 1703,Mother 1703,Business,House wife,father1703@example.com,01711639003,Dhaka,,
Father 1704,Father 1704,Mother 1704,Business,House wife,father1704@example.com,01711639004,Pabna,,
Father 1705,Father 1705,Mother 1705,Business,House wife,father1705@example.com,01711639005,Khulna,,
Father 1706,Father 1706,Mother 1706,Business,House wife,father1706@example.com,01711639006,Sylhet,,
Father 1707,Father 1707,Mother 1707,Business,House wife,father1707@example.com,01711639007,Dhaka,,
Father 1708,Father 1708,Mother 1708,Business,House wife,father1708@example.com,01711639008,Pabna,,
Father 1709,Father 1709,Mother 1709,Business,House wife,father1709@example.com,01711639009,Khulna,,
Father 1710,Father 1710,Mother 1710,Business,House wife,father1710@example.com,01711639010,Sylhet,,
Father 1711,Father 1711,Mother 1711,Business,House wife,father1711@example.com,01711639011,Dhaka,,
Father 1712,Father 1712,Mother 1712,Business,House wife,father1712@example.com,01711639012,Pabna,,
Father 1713,Father 1713,Mother 1713,Business,House wife,father1713@example.com,01711639013,Khulna,,
Father 1714,Father 1714,Mother 1714,Business,House wife,father1714@example.com,01711639014,Sylhet,,
Father 1715,Father 1715,Mother 1715,Business,House wife,father1715@example.com,01711639015,Dhaka,,
Father 1716,Father 1716,Mother 1716,Business,House wife,father1716@example.com,01711639016,Pabna,,
Father 1717,Father 1717,Mother 1717,Business,House wife,father1717@example.com,01711639017,Khulna,,
Father 1718,Father 1718,Mother 1718,Business,House wife,father1718@example.com,01711639018,Sylhet,,
Father 1719,Father 1719,Mother 1719,Business,House wife,father1719@example.com,01711639019,Dhaka,,
Father 1720,Father 1720,Mother 1720,Business,House wife,father1720@example.com,01711639020,Pabna,,
Father 1721,Father 1721,Mother 1721,Business,House wife,father1721@example.com,01711639021,Khulna,,
Father 1722,Father 1722,Mother 1722,Business,House wife,father1722@example.com,01711639022,Sylhet,,
Father 1723,Father 1723,Mother 1723,Business,House wife,father1723@example.com,01711639023,Dhaka,,
Father 1724,Father 1724,Mother 1724,Business,House wife,father1724@example.com,01711639024,Pabna,,
Father 1725,Father 1725,Mother 1725,Business,House wife,father1725@example.com,01711639025,Khulna,,
Father 1726,Father 1726,Mother 1726,Business,House wife,father1726@example.com,01711639026,Sylhet,,
Father 1727,Father 1727,Mother 1727,Business,House wife,father1727@example.com,01711639027,Dhaka,,
Father 1728,Father 1728,Mother 1728,Business,House wife,father1728@example.com,01711639028,Pabna,,
Father 1729,Father 1729,Mother 1729,Business,House wife,father1729@example.com,01711639029,Khulna,,
Father 1730,Father 1730,Mother 1730,Business,House wife,father1730@example.com,01711639030,Sylhet,,
Father 1731,Father 1731,Mother 1731,Business,House wife,father1731@example.com,01711639031,Dhaka,,
Father 1732,Father 1732,Mother 1732,Business,House wife,father1732@example.com,01711639032,Pabna,,
Father 1733,Father 1733,Mother 1733,Business,House wife,father1733@example.com,01711639033,Khulna,,
Father 1734,Father 1734,Mother 1734,Business,House wife,father1734@example.com,01711639034,Sylhet,,
Father 1735,Father 1735,Mother 1735,Business,House wife,father1735@example.com,01711639035,Dhaka,,
Father 1736,Father 1736,Mother 1736,Business,House wife,father1736@example.com,01711639036,Pabna,,
Father 1737,Father 1737,Mother 1737,Business,House wife,father1737@example.com,01711639037,Khulna,,
Father 1738,Father 1738,Mother 1738,Business,House wife,father1738@example.com,01711639038,Sylhet,,
Father 1739,Father 1739,Mother 1739,Business,House wife,father1739@example.com,01711639039,Dhaka,,
Father 1740,Father 1740,Mother 1740,Business,House wife,father1740@example.com,01711639040,Pabna,,
Father 1741,Father 1741,Mother 1741,Business,House wife,father1741@example.com,01711639041,Khulna,,
Father 1742,Father 1742,Mother 1742,Business,House wife,father1742@example.com,01711639042,Sylhet,,
Father 1743,Father 1743,Mother 1743,Business,House wife,father1743@example.com,01711639043,Dhaka,,
Father 1744,Father 1744,Mother 1744,Business,House wife,father1744@example.com,01711639044,Pabna,,
Father 1745,Father 1745,Mother 1745,Business,House wife,father1745@example.com,01711639045,Khulna,,
Father 1746,Father 1746,Mother 1746,Business,House wife,father1746@example.com,01711639046,Sylhet,,
Father 1747,Father 1747,Mother 1747,Business,House wife,father1747@example.com,01711639047,Dhaka,,
Father 1748,Father 1748,Mother 1748,Business,House wife,father1748@example.com,01711639048,Pabna,,
Father 1749,Father 1749,Mother 1749,Business,House wife,father1749@example.com,01711639049,Khulna,,
Father 1750,Father 1750,Mother 1750,Business,House wife,father1750@example.com,01711639050,Sylhet,,
Father 1751,Father 1751,Mother 1751,Business,House wife,father1751@example.com,01711639051,Dhaka,,
Father 1752,Father 1752,Mother 1752,Business,House wife,father1752@example.com,01711639052,Pabna,,
Father 1753,Father 1753,Mother 1753,Business,House wife,father1753@example.com,01711639053,Khulna,,
Father 1754,Father 1754,Mother 1754,Business,House wife,father1754@example.com,01711639054,Sylhet,,
Father 1755,Father 1755,Mother 1755,Business,House wife,father1755@example.com,01711639055,Dhaka,,
Father 1756,Father 1756,Mother 1756,Business,House wife,father1756@example.com,01711639056,Pabna,,
Father 1757,Father 1757,Mother 1757,Business,House wife,father1757@example.com,01711639057,Khulna,,
Father 1758,Father 1758,Mother 1758,Business,House wife,father1758@example.com,01711639058,Sylhet,,
Father 1759,Father 1759,Mother 1759,Business,House wife,father1759@example.com,01711639059,Dhaka,,
Father 1760,Father 1760,Mother 1760,Business,House wife,father1760@example.com,01711639060,Pabna,,
Father 1761,Father 1761,Mother 1761,Business,House wife,father1761@example.com,01711639061,Khulna,,
Father 1762,Father 1762,Mother 1762,Business,House wife,father1762@example.com,01711639062,Sylhet,,
Father 1763,Father 1763,Mother 1763,Business,House wife,father1763@example.com,01711639063,Dhaka,,
Father 1764,Father 1764,Mother 1764,Business,House wife,father1764@example.com,01711639064,Pabna,,
Father 1765,Father 1765,Mother 1765,Business,House wife,father1765@example.com,01711639065,Khulna,,
Father 1766,Father 1766,Mother 1766,Business,House wife,father1766@example.com,01711639066,Sylhet,,
Father 1767,Father 1767,Mother 1767,Business,House wife,father1767@example.com,01711639067,Dhaka,,
Father 1768,Father 1768,Mother 1768,Business,House wife,father1768@example.com,01711639068,Pabna,,
Father 1769,Father 1769,Mother 1769,Business,House wife,father1769@example.com,01711639069,Khulna,,
Father 1770,Father 1770,Mother 1770,Business,House wife,father1770@example.com,01711639070,Sylhet,,
Father 1771,Father 1771,Mother 1771,Business,House wife,father1771@example.com,01711639071,Dhaka,,
Father 1772,Father 1772,Mother 1772,Business,House wife,father1772@example.com,01711639072,Pabna,,
Father 1773,Father 1773,Mother 1773,Business,House wife,father1773@example.com,01711639073,Khulna,,
Father 1774,Father 1774,Mother 1774,Business,House wife,father1774@example.com,01711639074,Sylhet,,
Father 1775,Father 1775,Mother 1775,Business,House wife,father1775@example.com,01711639075,Dhaka,,
Father 1776,Father 1776,Mother 1776,Business,House wife,father1776@example.com,01711639076,Pabna,,
Father 1777,Father 1777,Mother 1777,Business,House wife,father1777@example.com,01711639077,Khulna,,
Father 1778,Father 1778,Mother 1778,Business,House wife,father1778@example.com,01711639078,Sylhet,,
Father 1779,Father 1779,Mother 1779,Business,House wife,father1779@example.com,01711639079,Dhaka,,
Father 1780,Father 1780,Mother 1780,Business,House wife,father1780@example.com,01711639080,Pabna,,
Father 1781,Father 1781,Mother 1781,Business,House wife,father1781@example.com,01711639081,Khulna,,
Father 1782,Father 1782,Mother 1782,Business,House wife,father1782@example.com,01711639082,Sylhet,,
Father 1783,Father 1783,Mother 1783,Business,House wife,father1783@example.com,01711639083,Dhaka,,
Father 1784,Father 1784,Mother 1784,Business,House wife,father1784@example.com,01711639084,Pabna,,
Father 1785,Father 1785,Mother 1785,Business,House wife,father1785@example.com,01711639085,Khulna,,
Father 1786,Father 1786,Mother 1786,Business,House wife,father1786@example.com,01711639086,Sylhet,,
Father 1787,Father 1787,Mother 1787,Business,House wife,father1787@example.com,01711639087,Dhaka,,
Father 1788,Father 1788,Mother 1788,Business,House wife,father1788@example.com,01711639088,Pabna,,
Father 1789,Father 1789,Mother 1789,Business,House wife,father1789@example.com,01711639089,Khulna,,
Father 1790,Father 1790,Mother 1790,Business,House wife,father1790@example.com,01711639090,Sylhet,,
Father 1791,Father 1791,Mother 1791,Business,House wife,father1791@example.com,01711639091,Dhaka,,
Father 1792,Father 1792,Mother 1792,Business,House wife,father1792@example.com,01711639092,Pabna,,
Father 1793,Father 1793,Mother 1793,Business,House wife,father1793@example.com,01711639093,Khulna,,
Father 1794,Father 1794,Mother 1794,Business,House wife,father1794@example.com,01711639094,Sylhet,,
Father 1795,Father 1795,Mother 1795,Business,House wife,father1795@example.com,01711639095,Dhaka,,
Father 1796,Father 1796,Mother 1796,Business,House wife,father1796@example.com,01711639096,Pabna,,
Father 1797,Father 1797,Mother 1797,Business,House wife,father1797@example.com,01711639097,Khulna,,
Father 1798,Father 1798,Mother 1798,Business,House wife,father1798@example.com,01711639098,Sylhet,,
Father 1799,Father 1799,Mother 1799,Business,House wife,father1799@example.com,01711639099,Dhaka,,
Father 1800,Father 1800,Mother 1800,Business,House wife,father1800@example.com,01711639100,Pabna,,
Father 1801,Father 1801,Mother 1801,Business,House wife,father1801@example.com,01711639101,Khulna,,
Father 1802,Father 1802,Mother 1802,Business,House wife,father1802@example.com,01711639102,Sylhet,,
Father 1803,Father 1803,Mother 1803,Business,House wife,father1803@example.com,01711639103,Dhaka,,
Father 1804,Father 1804,Mother 1804,Business,House wife,father1804@example.com,01711639104,Pabna,,
Father 1805,Father 1805,Mother 1805,Business,House wife,father1805@example.com,01711639105,Khulna,,
Father 1806,Father 1806,Mother 1806,Business,House wife,father1806@example.com,01711639106,Sylhet,,
Father 1807,Father 1807,Mother 1807,Business,House wife,father1807@example.com,01711639107,Dhaka,,
Father 1808,Father 1808,Mother 1808,Business,House wife,father1808@example.com,01711639108,Pabna,,
Father 1809,Father 1809,Mother 1809,Business,House wife,father1809@example.com,01711639109,Khulna,,
Father 1810,Father 1810,Mother 1810,Business,House wife,father1810@example.com,01711639110,Sylhet,,
Father 1811,Father 1811,Mother 1811,Business,House wife,father1811@example.com,01711639111,Dhaka,,
Father 1812,Father 1812,Mother 1812,Business,House wife,father1812@example.com,01711639112,Pabna,,
Father 1813,Father 1813,Mother 1813,Business,House wife,father1813@example.com,01711639113,Khulna,,
Father 1814,Father 1814,Mother 1814,Business,House wife,father1814@example.com,01711639114,Sylhet,,
Father 1815,Father 1815,Mother 1815,Business,House wife,father1815@example.com,01711639115,Dhaka,,
Father 1816,Father 1816,Mother 1816,Business,House wife,father1816@example.com,01711639116,Pabna,,
Father 1817,Father 1817,Mother 1817,Business,House wife,father1817@example.com,01711639117,Khulna,,
Father 1818,Father 1818,Mother 1818,Business,House wife,father1818@example.com,01711639118,Sylhet,,
Father 1819,Father 1819,Mother 1819,Business,House wife,father1819@example.com,01711639119,Dhaka,,
Father 1820,Father 1820,Mother 1820,Business,House wife,father1820@example.com,01711639120,Pabna,,
Father 1821,Father 1821,Mother 1821,Business,House wife,father1821@example.com,01711639121,Khulna,,
Father 1822,Father 1822,Mother 1822,Business,House wife,father1822@example.com,01711639122,Sylhet,,
Father 1823,Father 1823,Mother 1823,Business,House wife,father1823@example.com,01711639123,Dhaka,,
Father 1824,Father 1824,Mother 1824,Business,House wife,father1824@example.com,01711639124,Pabna,,
Father 1825,Father 1825,Mother 1825,Business,House wife,father1825@example.com,01711639125,Khulna,,
Father 1826,Father 1826,Mother 1826,Business,House wife,father1826@example.com,01711639126,Sylhet,,
Father 1827,Father 1827,Mother 1827,Business,House wife,father1827@example.com,01711639127,Dhaka,,
Father 1828,Father 1828,Mother 1828,Business,House wife,father1828@example.com,01711639128,Pabna,,
Father 1829,Father 1829,Mother 1829,Business,House wife,father1829@example.com,01711639129,Khulna,,
Father 1830,Father 1830,Mother 1830,Business,House wife,father1830@example.com,01711639130,Sylhet,,
Father 1831,Father 1831,Mother 1831,Business,House wife,father1831@example.com,01711639131,Dhaka,,
Father 1832,Father 1832,Mother 1832,Business,House wife,father1832@example.com,01711639132,Pabna,,
Father 1833,Father 1833,Mother 1833,Business,House wife,father1833@example.com,01711639133,Khulna,,
Father 1834,Father 1834,Mother 1834,Business,House wife,father1834@example.com,01711639134,Sylhet,,
Father 1835,Father 1835,Mother 1835,Business,House wife,father1835@example.com,01711639135,Dhaka,,
Father 1836,Father 1836,Mother 1836,Business,House wife,father1836@example.com,01711639136,Pabna,,
Father 1837,Father 1837,Mother 1837,Business,House wife,father1837@example.com,01711639137,Khulna,,
Father 1838,Father 1838,Mother 1838,Business,House wife,father1838@example.com,01711639138,Sylhet,,
Father 1839,Father 1839,Mother 1839,Business,House wife,father1839@example.com,01711639139,Dhaka,,
Father 1840,Father 1840,Mother 1840,Business,House wife,father1840@example.com,01711639140,Pabna,,
Father 1841,Father 1841,Mother 1841,Business,House wife,father1841@example.com,01711639141,Khulna,,
Father 1842,Father 1842,Mother 1842,Business,House wife,father1842@example.com,01711639142,Sylhet,,
Father 1843,Father 1843,Mother 1843,Business,House wife,father1843@example.com,01711639143,Dhaka,,
Father 1844,Father 1844,Mother 1844,Business,House wife,father1844@example.com,01711639144,Pabna,,
Father 1845,Father 1845,Mother 1845,Business,House wife,father1845@example.com,01711639145,Khulna,,
Father 1846,Father 1846,Mother 1846,Business,House wife,father1846@example.com,01711639146,Sylhet,,
Father 1847,Father 1847,Mother 1847,Business,House wife,father1847@example.com,01711639147,Dhaka,,
Father 1848,Father 1848,Mother 1848,Business,House wife,father1848@example.com,01711639148,Pabna,,
Father 1849,Father 1849,Mother 1849,Business,House wife,father1849@example.com,01711639149,Khulna,,
Father 1850,Father 1850,Mother 1850,Business,House wife,father1850@example.com,01711639150,Sylhet,,
Father 1851,Father 1851,Mother 1851,Business,House wife,father1851@example.com,01711639151,Dhaka,,
Father 1852,Father 1852,Mother 1852,Business,House wife,father1852@example.com,01711639152,Pabna,,
Father 1853,Father 1853,Mother 1853,Business,House wife,father1853@example.com,01711639153,Khulna,,
Father 1854,Father 1854,Mother 1854,Business,House wife,father1854@example.com,01711639154,Sylhet,,
Father 1855,Father 1855,Mother 1855,Business,House wife,father1855@example.com,01711639155,Dhaka,,
Father 1856,Father 1856,Mother 1856,Business,House wife,father1856@example.com,01711639156,Pabna,,
Father 1857,Father 1857,Mother 1857,Business,House wife,father1857@example.com,01711639157,Khulna,,
Father 1858,Father 1858,Mother 1858,Business,House wife,father1858@example.com,01711639158,Sylhet,,
Father 1859,Father 1859,Mother 1859,Business,House wife,father1859@example.com,01711639159,Dhaka,,
Father 1860,Father 1860,Mother 1860,Business,House wife,father1860@example.com,01711639160,Pabna,,
Father 1861,Father 1861,Mother 1861,Business,House wife,father1861@example.com,01711639161,Khulna,,
Father 1862,Father 1862,Mother 1862,Business,House wife,father1862@example.com,01711639162,Sylhet,,
Father 1863,Father 1863,Mother 1863,Business,House wife,father1863@example.com,01711639163,Dhaka,,
Father 1864,Father 1864,Mother 1864,Business,House wife,father1864@example.com,01711639164,Pabna,,
Father 1865,Father 1865,Mother 1865,Business,House wife,father1865@example.com,01711639165,Khulna,,
Father 1866,Father 1866,Mother 1866,Business,House wife,father1866@example.com,01711639166,Sylhet,,
Father 1867,Father 1867,Mother 1867,Business,House wife,father1867@example.com,01711639167,Dhaka,,
Father 1868,Father 1868,Mother 1868,Business,House wife,father1868@example.com,01711639168,Pabna,,
Father 1869,Father 1869,Mother 1869,Business,House wife,father1869@example.com,01711639169,Khulna,,
Father 1870,Father 1870,Mother 1870,Business,House wife,father1870@example.com,01711639170,Sylhet,,
Father 1871,Father 1871,Mother 1871,Business,House wife,father1871@example.com,01711639171,Dhaka,,
Father 1872,Father 1872,Mother 1872,Business,House wife,father1872@example.com,01711639172,Pabna,,
Father 1873,Father 1873,Mother 1873,Business,House wife,father1873@example.com,01711639173,Khulna,,
Father 1874,Father 1874,Mother 1874,Business,House wife,father1874@example.com,01711639174,Sylhet,,
Father 1875,Father 1875,Mother 1875,Business,House wife,father1875@example.com,01711639175,Dhaka,,
Father 1876,Father 1876,Mother 1876,Business,House wife,father1876@example.com,01711639176,Pabna,,
Father 1877,Father 1877,Mother 1877,Business,House wife,father1877@example.com,01711639177,Khulna,,
Father 1878,Father 1878,Mother 1878,Business,House wife,father1878@example.com,01711639178,Sylhet,,
Father 1879,Father 1879,Mother 1879,Business,House wife,father1879@example.com,01711639179,Dhaka,,
Father 1880,Father 1880,Mother 1880,Business,House wife,father1880@example.com,01711639180,Pabna,,
Father 1881,Father 1881,Mother 1881,Business,House wife,father1881@example.com,01711639181,Khulna,,
Father 1882,Father 1882,Mother 1882,Business,House wife,father1882@example.com,01711639182,Sylhet,,
Father 1883,Father 1883,Mother 1883,Business,House wife,father1883@example.com,01711639183,Dhaka,,
Father 1884,Father 1884,Mother 1884,Business,House wife,father1884@example.com,01711639184,Pabna,,
Father 1885,Father 1885,Mother 1885,Business,House wife,father1885@example.com,01711639185,Khulna,,
Father 1886,Father 1886,Mother 1886,Business,House wife,father1886@example.com,01711639186,Sylhet,,
Father 1887,Father 1887,Mother 1887,Business,House wife,father1887@example.com,01711639187,Dhaka,,
Father 1888,Father 1888,Mother 1888,Business,House wife,father1888@example.com,01711639188,Pabna,,
Father 1889,Father 1889,Mother 1889,Business,House wife,father1889@example.com,01711639189,Khulna,,
Father 1890,Father 1890,Mother 1890,Business,House wife,father1890@example.com,01711639190,Sylhet,,
Father 1891,Father 1891,Mother 1891,Business,House wife,father1891@example.com,01711639191,Dhaka,,
Father 1892,Father 1892,Mother 1892,Business,House wife,father1892@example.com,01711639192,Pabna,,
Father 1893,Father 1893,Mother 1893,Business,House wife,father1893@example.com,01711639193,Khulna,,
Father 1894,Father 1894,Mother 1894,Business,House wife,father1894@example.com,01711639194,Sylhet,,
Father 1895,Father 1895,Mother 1895,Business,House wife,father1895@example.com,01711639195,Dhaka,,
Father 1896,Father 1896,Mother 1896,Business,House wife,father1896@example.com,01711639196,Pabna,,
Father 1897,Father 1897,Mother 1897,Business,House wife,father1897@example.com,01711639197,Khulna,,
Father 1898,Father 1898,Mother 1898,Business,House wife,father1898@example.com,01711639198,Sylhet,,
Father 1899,Father 1899,Mother 1899,Business,House wife,father1899@example.com,01711639199,Dhaka,,
Father 1900,Father 1900,Mother 1900,Business,House wife,father1900@example.com,01711639200,Pabna,,
